seed,condition,task,a,b,attempt,proposed_class,verifier_pass
41001,validated_uniform,ZORP,11,1,0,2,1
41001,validated_uniform,ZORP,10,3,0,3,1
41001,validated_uniform,ZORP,14,1,0,3,0
41001,validated_uniform,ZORP,14,1,1,0,0
41001,validated_uniform,ZORP,14,1,2,0,0
41001,validated_uniform,ZORP,14,1,3,2,0
41001,validated_uniform,ZORP,4,13,0,2,0
41001,validated_uniform,ZORP,4,13,1,1,0
41001,validated_uniform,ZORP,4,13,2,1,0
41001,validated_uniform,ZORP,4,13,3,3,1
41001,validated_uniform,ZORP,3,12,0,1,1
41001,validated_uniform,ZORP,14,7,0,1,0
41001,validated_uniform,ZORP,14,7,1,1,0
41001,validated_uniform,ZORP,14,7,2,1,0
41001,validated_uniform,ZORP,14,7,3,1,0
41001,validated_uniform,ZORP,12,14,0,2,0
41001,validated_uniform,ZORP,12,14,1,0,1
41001,validated_uniform,ZORP,2,8,0,1,0
41001,validated_uniform,ZORP,2,8,1,0,1
41001,validated_uniform,ZORP,10,7,0,3,1
41001,validated_uniform,ZORP,8,11,0,0,0
41001,validated_uniform,ZORP,8,11,1,2,0
41001,validated_uniform,ZORP,8,11,2,3,0
41001,validated_uniform,ZORP,8,11,3,3,0
41001,validated_uniform,ZORP,8,6,0,0,1
41001,validated_uniform,ZORP,5,15,0,0,0
41001,validated_uniform,ZORP,5,15,1,2,1
41001,validated_uniform,ZORP,3,15,0,3,0
41001,validated_uniform,ZORP,3,15,1,1,0
41001,validated_uniform,ZORP,3,15,2,3,0
41001,validated_uniform,ZORP,3,15,3,2,0
41001,validated_uniform,ZORP,1,8,0,3,1
41001,validated_uniform,ZORP,13,3,0,2,1
41001,validated_uniform,ZORP,4,14,0,1,0
41001,validated_uniform,ZORP,4,14,1,3,0
41001,validated_uniform,ZORP,4,14,2,3,0
41001,validated_uniform,ZORP,4,14,3,2,0
41001,validated_uniform,ZORP,12,9,0,3,1
41001,validated_uniform,ZORP,10,6,0,2,1
41001,validated_uniform,ZORP,13,4,0,3,1
41001,validated_uniform,ZORP,8,12,0,3,0
41001,validated_uniform,ZORP,8,12,1,2,1
41001,validated_uniform,ZORP,9,14,0,2,0
41001,validated_uniform,ZORP,9,14,1,2,0
41001,validated_uniform,ZORP,9,14,2,2,0
41001,validated_uniform,ZORP,9,14,3,2,0
41001,validated_uniform,ZORP,10,10,0,3,0
41001,validated_uniform,ZORP,10,10,1,3,0
41001,validated_uniform,ZORP,10,10,2,0,0
41001,validated_uniform,ZORP,10,10,3,3,0
41001,validated_uniform,ZORP,3,9,0,1,0
41001,validated_uniform,ZORP,3,9,1,1,0
41001,validated_uniform,ZORP,3,9,2,3,0
41001,validated_uniform,ZORP,3,9,3,0,0
41001,validated_uniform,ZORP,12,0,0,3,0
41001,validated_uniform,ZORP,12,0,1,1,0
41001,validated_uniform,ZORP,12,0,2,3,0
41001,validated_uniform,ZORP,12,0,3,3,0
41001,validated_uniform,ZORP,6,8,0,3,0
41001,validated_uniform,ZORP,6,8,1,3,0
41001,validated_uniform,ZORP,6,8,2,2,0
41001,validated_uniform,ZORP,6,8,3,0,1
41001,validated_uniform,ZORP,2,0,0,1,0
41001,validated_uniform,ZORP,2,0,1,3,0
41001,validated_uniform,ZORP,2,0,2,1,0
41001,validated_uniform,ZORP,2,0,3,1,0
41001,validated_uniform,ZORP,6,15,0,2,0
41001,validated_uniform,ZORP,6,15,1,3,1
41001,validated_uniform,ZORP,6,10,0,2,1
41001,validated_uniform,ZORP,9,7,0,3,0
41001,validated_uniform,ZORP,9,7,1,2,1
41001,validated_uniform,ZORP,3,10,0,1,0
41001,validated_uniform,ZORP,3,10,1,0,0
41001,validated_uniform,ZORP,3,10,2,3,1
41001,validated_uniform,ZORP,8,8,0,1,0
41001,validated_uniform,ZORP,8,8,1,0,0
41001,validated_uniform,ZORP,8,8,2,1,0
41001,validated_uniform,ZORP,8,8,3,3,0
41001,validated_uniform,ZORP,0,5,0,0,0
41001,validated_uniform,ZORP,0,5,1,0,0
41001,validated_uniform,ZORP,0,5,2,3,1
41001,validated_uniform,ZORP,4,8,0,3,0
41001,validated_uniform,ZORP,4,8,1,2,1
41001,validated_uniform,ZORP,6,11,0,1,0
41001,validated_uniform,ZORP,6,11,1,1,0
41001,validated_uniform,ZORP,6,11,2,2,0
41001,validated_uniform,ZORP,6,11,3,0,0
41001,validated_uniform,ZORP,14,13,0,3,0
41001,validated_uniform,ZORP,14,13,1,3,0
41001,validated_uniform,ZORP,14,13,2,1,1
41001,validated_uniform,ZORP,14,6,0,2,1
41001,validated_uniform,ZORP,9,12,0,2,0
41001,validated_uniform,ZORP,9,12,1,0,0
41001,validated_uniform,ZORP,9,12,2,3,1
41001,validated_uniform,ZORP,14,11,0,3,1
41001,validated_uniform,ZORP,0,15,0,1,1
41001,validated_uniform,ZORP,1,12,0,1,0
41001,validated_uniform,ZORP,1,12,1,2,0
41001,validated_uniform,ZORP,1,12,2,3,1
41001,validated_uniform,ZORP,8,5,0,2,0
41001,validated_uniform,ZORP,8,5,1,2,0
41001,validated_uniform,ZORP,8,5,2,3,1
41001,validated_uniform,ZORP,4,10,0,3,0
41001,validated_uniform,ZORP,4,10,1,1,0
41001,validated_uniform,ZORP,4,10,2,2,0
41001,validated_uniform,ZORP,4,10,3,0,1
41001,validated_uniform,ZORP,9,3,0,3,0
41001,validated_uniform,ZORP,9,3,1,2,1
41001,validated_uniform,ZORP,10,13,0,1,1
41001,validated_uniform,ZORP,4,2,0,2,0
41001,validated_uniform,ZORP,4,2,1,3,0
41001,validated_uniform,ZORP,4,2,2,3,0
41001,validated_uniform,ZORP,4,2,3,3,0
41001,validated_uniform,ZORP,5,10,0,2,0
41001,validated_uniform,ZORP,5,10,1,1,1
41001,validated_uniform,ZORP,10,15,0,2,0
41001,validated_uniform,ZORP,10,15,1,3,1
41001,validated_uniform,ZORP,1,14,0,3,0
41001,validated_uniform,ZORP,1,14,1,0,0
41001,validated_uniform,ZORP,1,14,2,3,0
41001,validated_uniform,ZORP,1,14,3,0,0
41001,validated_hard,ZORP,8,15,0,2,0
41001,validated_hard,ZORP,8,15,1,3,0
41001,validated_hard,ZORP,8,15,2,0,0
41001,validated_hard,ZORP,8,15,3,3,0
41001,validated_hard,ZORP,6,10,0,3,0
41001,validated_hard,ZORP,6,10,1,0,0
41001,validated_hard,ZORP,6,10,2,0,0
41001,validated_hard,ZORP,6,10,3,2,1
41001,validated_hard,ZORP,4,15,0,1,1
41001,validated_hard,ZORP,5,15,0,1,0
41001,validated_hard,ZORP,5,15,1,2,1
41001,validated_hard,ZORP,4,10,0,3,0
41001,validated_hard,ZORP,4,10,1,0,1
41001,validated_hard,ZORP,15,11,0,0,1
41001,validated_hard,ZORP,0,15,0,3,0
41001,validated_hard,ZORP,0,15,1,1,1
41001,validated_hard,ZORP,10,15,0,3,1
41001,validated_hard,ZORP,6,15,0,2,0
41001,validated_hard,ZORP,6,15,1,1,0
41001,validated_hard,ZORP,6,15,2,2,0
41001,validated_hard,ZORP,6,15,3,2,0
41001,validated_hard,ZORP,5,10,0,0,0
41001,validated_hard,ZORP,5,10,1,2,0
41001,validated_hard,ZORP,5,10,2,2,0
41001,validated_hard,ZORP,5,10,3,0,0
41001,validated_hard,ZORP,3,15,0,0,1
41001,validated_hard,ZORP,8,14,0,2,0
41001,validated_hard,ZORP,8,14,1,1,0
41001,validated_hard,ZORP,8,14,2,3,0
41001,validated_hard,ZORP,8,14,3,0,1
41001,validated_hard,ZORP,14,10,0,0,0
41001,validated_hard,ZORP,14,10,1,3,0
41001,validated_hard,ZORP,14,10,2,2,1
41001,validated_hard,ZORP,15,14,0,3,1
41001,validated_hard,ZORP,4,14,0,1,0
41001,validated_hard,ZORP,4,14,1,3,0
41001,validated_hard,ZORP,4,14,2,0,1
41001,validated_hard,ZORP,1,14,0,1,1
41001,validated_hard,ZORP,3,10,0,1,0
41001,validated_hard,ZORP,3,10,1,3,1
41001,validated_hard,ZORP,5,11,0,3,0
41001,validated_hard,ZORP,5,11,1,3,0
41001,validated_hard,ZORP,5,11,2,1,0
41001,validated_hard,ZORP,5,11,3,0,0
41001,validated_hard,ZORP,15,5,0,1,0
41001,validated_hard,ZORP,15,5,1,1,0
41001,validated_hard,ZORP,15,5,2,3,0
41001,validated_hard,ZORP,15,5,3,2,1
41001,validated_hard,ZORP,10,10,0,0,0
41001,validated_hard,ZORP,10,10,1,2,1
41001,validated_hard,ZORP,14,11,0,3,1
41001,validated_hard,ZORP,6,11,0,2,0
41001,validated_hard,ZORP,6,11,1,0,0
41001,validated_hard,ZORP,6,11,2,2,0
41001,validated_hard,ZORP,6,11,3,3,1
41001,validated_hard,ZORP,9,14,0,0,0
41001,validated_hard,ZORP,9,14,1,1,1
41001,validated_hard,ZORP,10,1,0,0,0
41001,validated_hard,ZORP,10,1,1,2,0
41001,validated_hard,ZORP,10,1,2,1,1
41001,validated_hard,ZORP,10,8,0,2,0
41001,validated_hard,ZORP,10,8,1,2,0
41001,validated_hard,ZORP,10,8,2,2,0
41001,validated_hard,ZORP,10,8,3,0,1
41001,validated_hard,ZORP,6,0,0,0,1
41001,validated_hard,ZORP,8,11,0,3,0
41001,validated_hard,ZORP,8,11,1,0,0
41001,validated_hard,ZORP,8,11,2,3,0
41001,validated_hard,ZORP,8,11,3,0,0
41001,validated_hard,ZORP,14,1,0,0,0
41001,validated_hard,ZORP,14,1,1,2,0
41001,validated_hard,ZORP,14,1,2,2,0
41001,validated_hard,ZORP,14,1,3,1,1
41001,validated_hard,ZORP,2,10,0,2,1
41001,validated_hard,ZORP,15,2,0,3,1
41001,validated_hard,ZORP,10,6,0,2,1
41001,validated_hard,ZORP,4,13,0,3,1
41001,validated_hard,ZORP,12,0,0,1,0
41001,validated_hard,ZORP,12,0,1,3,0
41001,validated_hard,ZORP,12,0,2,0,0
41001,validated_hard,ZORP,12,0,3,1,0
41001,validated_hard,ZORP,10,13,0,2,0
41001,validated_hard,ZORP,10,13,1,2,0
41001,validated_hard,ZORP,10,13,2,1,1
41001,validated_hard,ZORP,6,8,0,0,1
41001,validated_hard,ZORP,4,8,0,1,0
41001,validated_hard,ZORP,4,8,1,0,0
41001,validated_hard,ZORP,4,8,2,3,0
41001,validated_hard,ZORP,4,8,3,0,0
41001,validated_hard,ZORP,13,10,0,0,0
41001,validated_hard,ZORP,13,10,1,0,0
41001,validated_hard,ZORP,13,10,2,0,0
41001,validated_hard,ZORP,13,10,3,2,0
41001,validated_hard,ZORP,8,8,0,2,1
41001,validated_hard,ZORP,8,5,0,3,1
41001,validated_hard,ZORP,10,3,0,0,0
41001,validated_hard,ZORP,10,3,1,0,0
41001,validated_hard,ZORP,10,3,2,2,0
41001,validated_hard,ZORP,10,3,3,3,1
41001,validated_hard,ZORP,14,6,0,0,0
41001,validated_hard,ZORP,14,6,1,2,1
41001,validated_hard,ZORP,12,14,0,0,1
41001,validated_hard,ZORP,0,13,0,3,1
41001,validated_hard,ZORP,1,13,0,1,0
41001,validated_hard,ZORP,1,13,1,2,0
41001,validated_hard,ZORP,1,13,2,0,1
41001,validated_hard,ZORP,14,2,0,0,0
41001,validated_hard,ZORP,14,2,1,0,0
41001,validated_hard,ZORP,14,2,2,1,0
41001,validated_hard,ZORP,14,2,3,0,0
41001,validated_hard,ZORP,3,11,0,2,0
41001,validated_hard,ZORP,3,11,1,0,1
41001,validated_hard,ZORP,6,12,0,2,0
41001,validated_hard,ZORP,6,12,1,3,0
41001,validated_hard,ZORP,6,12,2,2,0
41001,validated_hard,ZORP,6,12,3,0,1
41001,validated_hard,ZORP,8,6,0,1,0
41001,validated_hard,ZORP,8,6,1,0,1
41001,validated_dream,ZORP,6,10,0,1,0
41001,validated_dream,ZORP,6,10,1,0,0
41001,validated_dream,ZORP,6,10,2,2,1
41001,validated_dream,ZORP,4,15,0,1,1
41001,validated_dream,ZORP,5,15,0,2,1
41001,validated_dream,ZORP,4,10,0,2,0
41001,validated_dream,ZORP,4,10,1,3,0
41001,validated_dream,ZORP,4,10,2,0,1
41001,validated_dream,ZORP,0,15,0,3,0
41001,validated_dream,ZORP,0,15,1,0,0
41001,validated_dream,ZORP,0,15,2,2,0
41001,validated_dream,ZORP,0,15,3,0,0
41001,validated_dream,ZORP,6,15,0,1,0
41001,validated_dream,ZORP,6,15,1,1,0
41001,validated_dream,ZORP,6,15,2,2,0
41001,validated_dream,ZORP,6,15,3,3,1
41001,validated_dream,ZORP,5,10,0,2,0
41001,validated_dream,ZORP,5,10,1,3,0
41001,validated_dream,ZORP,5,10,2,3,0
41001,validated_dream,ZORP,5,10,3,3,0
41001,validated_dream,ZORP,3,15,0,1,0
41001,validated_dream,ZORP,3,15,1,0,1
41001,validated_dream,ZORP,4,14,0,0,1
41001,validated_dream,ZORP,1,14,0,0,0
41001,validated_dream,ZORP,1,14,1,0,0
41001,validated_dream,ZORP,1,14,2,1,1
41001,validated_dream,ZORP,3,10,0,2,0
41001,validated_dream,ZORP,3,10,1,0,0
41001,validated_dream,ZORP,3,10,2,2,0
41001,validated_dream,ZORP,3,10,3,2,0
41001,validated_dream,ZORP,5,11,0,0,0
41001,validated_dream,ZORP,5,11,1,2,1
41001,validated_dream,ZORP,15,5,0,2,1
41001,validated_dream,ZORP,6,11,0,3,1
41001,validated_dream,ZORP,10,1,0,0,0
41001,validated_dream,ZORP,10,1,1,1,1
41001,validated_dream,ZORP,14,1,0,3,0
41001,validated_dream,ZORP,14,1,1,0,0
41001,validated_dream,ZORP,14,1,2,3,0
41001,validated_dream,ZORP,14,1,3,2,0
41001,validated_dream,ZORP,2,10,0,2,1
41001,validated_dream,ZORP,15,2,0,1,0
41001,validated_dream,ZORP,15,2,1,1,0
41001,validated_dream,ZORP,15,2,2,2,0
41001,validated_dream,ZORP,15,2,3,0,0
41001,validated_dream,ZORP,10,6,0,3,0
41001,validated_dream,ZORP,10,6,1,3,0
41001,validated_dream,ZORP,10,6,2,1,0
41001,validated_dream,ZORP,10,6,3,3,0
41001,validated_dream,ZORP,4,13,0,3,1
41001,validated_dream,ZORP,12,0,0,3,0
41001,validated_dream,ZORP,12,0,1,2,1
41001,validated_dream,ZORP,6,8,0,2,0
41001,validated_dream,ZORP,6,8,1,3,0
41001,validated_dream,ZORP,6,8,2,1,0
41001,validated_dream,ZORP,6,8,3,0,1
41001,validated_dream,ZORP,4,8,0,1,0
41001,validated_dream,ZORP,4,8,1,1,0
41001,validated_dream,ZORP,4,8,2,3,0
41001,validated_dream,ZORP,4,8,3,1,0
41001,validated_dream,ZORP,8,5,0,1,0
41001,validated_dream,ZORP,8,5,1,3,1
41001,validated_dream,ZORP,10,3,0,0,0
41001,validated_dream,ZORP,10,3,1,1,0
41001,validated_dream,ZORP,10,3,2,3,1
41001,validated_dream,ZORP,14,6,0,0,0
41001,validated_dream,ZORP,14,6,1,2,1
41001,validated_dream,ZORP,0,13,0,2,0
41001,validated_dream,ZORP,0,13,1,1,0
41001,validated_dream,ZORP,0,13,2,1,0
41001,validated_dream,ZORP,0,13,3,3,1
41001,validated_dream,ZORP,1,13,0,2,0
41001,validated_dream,ZORP,1,13,1,0,1
41001,validated_dream,ZORP,14,2,0,0,0
41001,validated_dream,ZORP,14,2,1,3,0
41001,validated_dream,ZORP,14,2,2,3,0
41001,validated_dream,ZORP,14,2,3,1,0
41001,validated_dream,ZORP,3,11,0,3,0
41001,validated_dream,ZORP,3,11,1,2,0
41001,validated_dream,ZORP,3,11,2,0,1
41001,validated_dream,ZORP,6,12,0,2,0
41001,validated_dream,ZORP,6,12,1,3,0
41001,validated_dream,ZORP,6,12,2,3,0
41001,validated_dream,ZORP,6,12,3,3,0
41001,validated_dream,ZORP,8,6,0,3,0
41001,validated_dream,ZORP,8,6,1,0,1
41001,validated_dream,ZORP,1,8,0,1,0
41001,validated_dream,ZORP,1,8,1,2,0
41001,validated_dream,ZORP,1,8,2,3,1
41001,validated_dream,ZORP,0,12,0,1,0
41001,validated_dream,ZORP,0,12,1,0,0
41001,validated_dream,ZORP,0,12,2,2,1
41001,validated_dream,ZORP,5,9,0,2,0
41001,validated_dream,ZORP,5,9,1,1,0
41001,validated_dream,ZORP,5,9,2,2,0
41001,validated_dream,ZORP,5,9,3,2,0
41001,validated_dream,ZORP,0,8,0,0,0
41001,validated_dream,ZORP,0,8,1,1,0
41001,validated_dream,ZORP,0,8,2,0,0
41001,validated_dream,ZORP,0,8,3,0,0
41001,validated_dream,ZORP,8,3,0,2,0
41001,validated_dream,ZORP,8,3,1,3,0
41001,validated_dream,ZORP,8,3,2,1,1
41001,validated_dream,ZORP,0,11,0,1,1
41001,validated_dream,ZORP,2,8,0,1,0
41001,validated_dream,ZORP,2,8,1,2,0
41001,validated_dream,ZORP,2,8,2,2,0
41001,validated_dream,ZORP,2,8,3,0,1
41001,validated_dream,ZORP,4,9,0,1,0
41001,validated_dream,ZORP,4,9,1,2,0
41001,validated_dream,ZORP,4,9,2,1,0
41001,validated_dream,ZORP,4,9,3,3,1
41001,validated_dream,ZORP,8,2,0,1,0
41001,validated_dream,ZORP,8,2,1,1,0
41001,validated_dream,ZORP,8,2,2,0,1
41001,validated_dream,ZORP,11,1,0,1,0
41001,validated_dream,ZORP,11,1,1,3,0
41001,validated_dream,ZORP,11,1,2,0,0
41001,validated_dream,ZORP,11,1,3,0,0
41001,validated_dream,ZORP,3,12,0,3,0
41001,validated_dream,ZORP,3,12,1,1,1
41001,validated_dream,ZORP,1,12,0,0,0
41001,validated_dream,ZORP,1,12,1,3,1
41001,validated_dream,ZORP,9,4,0,2,0
41001,validated_dream,ZORP,9,4,1,2,0
41001,validated_dream,ZORP,9,4,2,1,0
41001,validated_dream,ZORP,9,4,3,3,1
41001,validated_dream,ZORP,13,5,0,3,0
41001,validated_dream,ZORP,13,5,1,1,0
41001,validated_dream,ZORP,13,5,2,3,0
41001,validated_dream,ZORP,13,5,3,1,0
41001,validated_dream,ZORP,15,7,0,2,0
41001,validated_dream,ZORP,15,7,1,1,0
41001,validated_dream,ZORP,15,7,2,1,0
41001,validated_dream,ZORP,15,7,3,2,0
41001,validated_dream,ZORP,13,4,0,1,0
41001,validated_dream,ZORP,13,4,1,1,0
41001,validated_dream,ZORP,13,4,2,2,0
41001,validated_dream,ZORP,13,4,3,3,1
41001,validated_hard_anchor,ZORP,8,15,0,1,1
41001,validated_hard_anchor,ZORP,6,10,0,2,1
41001,validated_hard_anchor,ZORP,4,15,0,3,0
41001,validated_hard_anchor,ZORP,4,15,1,0,0
41001,validated_hard_anchor,ZORP,4,15,2,2,0
41001,validated_hard_anchor,ZORP,4,15,3,3,0
41001,validated_hard_anchor,ZORP,5,15,0,3,0
41001,validated_hard_anchor,ZORP,5,15,1,3,0
41001,validated_hard_anchor,ZORP,5,15,2,2,1
41001,validated_hard_anchor,ZORP,4,10,0,2,0
41001,validated_hard_anchor,ZORP,4,10,1,3,0
41001,validated_hard_anchor,ZORP,4,10,2,1,0
41001,validated_hard_anchor,ZORP,4,10,3,0,1
41001,validated_hard_anchor,ZORP,15,11,0,3,0
41001,validated_hard_anchor,ZORP,15,11,1,3,0
41001,validated_hard_anchor,ZORP,15,11,2,2,0
41001,validated_hard_anchor,ZORP,15,11,3,2,0
41001,validated_hard_anchor,ZORP,0,15,0,0,0
41001,validated_hard_anchor,ZORP,0,15,1,3,0
41001,validated_hard_anchor,ZORP,0,15,2,2,0
41001,validated_hard_anchor,ZORP,0,15,3,3,0
41001,validated_hard_anchor,ZORP,10,15,0,3,1
41001,validated_hard_anchor,ZORP,6,15,0,0,0
41001,validated_hard_anchor,ZORP,6,15,1,3,1
41001,validated_hard_anchor,ZORP,5,10,0,2,0
41001,validated_hard_anchor,ZORP,5,10,1,1,1
41001,validated_hard_anchor,ZORP,3,15,0,3,0
41001,validated_hard_anchor,ZORP,3,15,1,1,0
41001,validated_hard_anchor,ZORP,3,15,2,3,0
41001,validated_hard_anchor,ZORP,3,15,3,2,0
41001,validated_hard_anchor,ZORP,8,14,0,0,1
41001,validated_hard_anchor,ZORP,14,10,0,1,0
41001,validated_hard_anchor,ZORP,14,10,1,2,1
41001,validated_hard_anchor,ZORP,15,14,0,3,1
41001,validated_hard_anchor,ZORP,4,14,0,2,0
41001,validated_hard_anchor,ZORP,4,14,1,3,0
41001,validated_hard_anchor,ZORP,4,14,2,2,0
41001,validated_hard_anchor,ZORP,4,14,3,2,0
41001,validated_hard_anchor,ZORP,1,14,0,3,0
41001,validated_hard_anchor,ZORP,1,14,1,3,0
41001,validated_hard_anchor,ZORP,1,14,2,0,0
41001,validated_hard_anchor,ZORP,1,14,3,1,1
41001,validated_hard_anchor,ZORP,3,10,0,2,0
41001,validated_hard_anchor,ZORP,3,10,1,0,0
41001,validated_hard_anchor,ZORP,3,10,2,0,0
41001,validated_hard_anchor,ZORP,3,10,3,0,0
41001,validated_hard_anchor,ZORP,5,11,0,1,0
41001,validated_hard_anchor,ZORP,5,11,1,2,1
41001,validated_hard_anchor,ZORP,15,5,0,1,0
41001,validated_hard_anchor,ZORP,15,5,1,1,0
41001,validated_hard_anchor,ZORP,15,5,2,2,1
41001,validated_hard_anchor,ZORP,10,10,0,3,0
41001,validated_hard_anchor,ZORP,10,10,1,3,0
41001,validated_hard_anchor,ZORP,10,10,2,3,0
41001,validated_hard_anchor,ZORP,10,10,3,1,0
41001,validated_hard_anchor,ZORP,14,11,0,2,0
41001,validated_hard_anchor,ZORP,14,11,1,0,0
41001,validated_hard_anchor,ZORP,14,11,2,3,1
41001,validated_hard_anchor,ZORP,6,11,0,1,0
41001,validated_hard_anchor,ZORP,6,11,1,2,0
41001,validated_hard_anchor,ZORP,6,11,2,1,0
41001,validated_hard_anchor,ZORP,6,11,3,0,0
41001,validated_hard_anchor,ZORP,9,14,0,3,0
41001,validated_hard_anchor,ZORP,9,14,1,0,0
41001,validated_hard_anchor,ZORP,9,14,2,2,0
41001,validated_hard_anchor,ZORP,9,14,3,0,0
41001,validated_hard_anchor,ZORP,10,1,0,2,0
41001,validated_hard_anchor,ZORP,10,1,1,1,1
41001,validated_hard_anchor,ZORP,10,8,0,1,0
41001,validated_hard_anchor,ZORP,10,8,1,2,0
41001,validated_hard_anchor,ZORP,10,8,2,2,0
41001,validated_hard_anchor,ZORP,10,8,3,0,1
41001,validated_hard_anchor,ZORP,6,0,0,3,0
41001,validated_hard_anchor,ZORP,6,0,1,2,0
41001,validated_hard_anchor,ZORP,6,0,2,2,0
41001,validated_hard_anchor,ZORP,6,0,3,3,0
41001,validated_hard_anchor,ZORP,8,11,0,2,0
41001,validated_hard_anchor,ZORP,8,11,1,3,0
41001,validated_hard_anchor,ZORP,8,11,2,1,1
41001,validated_hard_anchor,ZORP,14,1,0,2,0
41001,validated_hard_anchor,ZORP,14,1,1,1,1
41001,validated_hard_anchor,ZORP,2,10,0,3,0
41001,validated_hard_anchor,ZORP,2,10,1,3,0
41001,validated_hard_anchor,ZORP,2,10,2,0,0
41001,validated_hard_anchor,ZORP,2,10,3,0,0
41001,validated_hard_anchor,ZORP,15,2,0,2,0
41001,validated_hard_anchor,ZORP,15,2,1,2,0
41001,validated_hard_anchor,ZORP,15,2,2,0,0
41001,validated_hard_anchor,ZORP,15,2,3,1,0
41001,validated_hard_anchor,ZORP,10,6,0,3,0
41001,validated_hard_anchor,ZORP,10,6,1,1,0
41001,validated_hard_anchor,ZORP,10,6,2,3,0
41001,validated_hard_anchor,ZORP,10,6,3,3,0
41001,validated_hard_anchor,ZORP,4,13,0,1,0
41001,validated_hard_anchor,ZORP,4,13,1,3,1
41001,validated_hard_anchor,ZORP,12,0,0,1,0
41001,validated_hard_anchor,ZORP,12,0,1,3,0
41001,validated_hard_anchor,ZORP,12,0,2,1,0
41001,validated_hard_anchor,ZORP,12,0,3,0,0
41001,validated_hard_anchor,ZORP,10,13,0,1,1
41001,validated_hard_anchor,ZORP,6,8,0,1,0
41001,validated_hard_anchor,ZORP,6,8,1,3,0
41001,validated_hard_anchor,ZORP,6,8,2,2,0
41001,validated_hard_anchor,ZORP,6,8,3,2,0
41001,validated_hard_anchor,ZORP,4,8,0,3,0
41001,validated_hard_anchor,ZORP,4,8,1,0,0
41001,validated_hard_anchor,ZORP,4,8,2,3,0
41001,validated_hard_anchor,ZORP,4,8,3,1,0
41001,validated_hard_anchor,ZORP,13,10,0,3,0
41001,validated_hard_anchor,ZORP,13,10,1,0,0
41001,validated_hard_anchor,ZORP,13,10,2,2,0
41001,validated_hard_anchor,ZORP,13,10,3,2,0
41001,validated_hard_anchor,ZORP,8,8,0,2,1
41001,validated_hard_anchor,ZORP,8,5,0,3,1
41001,validated_hard_anchor,ZORP,10,3,0,1,0
41001,validated_hard_anchor,ZORP,10,3,1,2,0
41001,validated_hard_anchor,ZORP,10,3,2,3,1
41001,validated_hard_anchor,ZORP,14,6,0,0,0
41001,validated_hard_anchor,ZORP,14,6,1,2,1
41001,validated_hard_anchor,ZORP,12,14,0,0,1
41001,validated_hard_anchor,ZORP,0,13,0,1,0
41001,validated_hard_anchor,ZORP,0,13,1,3,1
41001,validated_hard_anchor,ZORP,1,13,0,0,1
41001,validated_hard_anchor,ZORP,14,2,0,2,1
41001,validated_hard_anchor,ZORP,3,11,0,0,1
41001,validated_hard_anchor,ZORP,6,12,0,1,0
41001,validated_hard_anchor,ZORP,6,12,1,3,0
41001,validated_hard_anchor,ZORP,6,12,2,3,0
41001,validated_hard_anchor,ZORP,6,12,3,1,0
41001,validated_hard_anchor,ZORP,8,6,0,0,1
41098,validated_uniform,ZORP,3,15,0,3,0
41098,validated_uniform,ZORP,3,15,1,1,1
41098,validated_uniform,ZORP,0,2,0,1,0
41098,validated_uniform,ZORP,0,2,1,3,1
41098,validated_uniform,ZORP,3,2,0,3,0
41098,validated_uniform,ZORP,3,2,1,2,0
41098,validated_uniform,ZORP,3,2,2,3,0
41098,validated_uniform,ZORP,3,2,3,1,0
41098,validated_uniform,ZORP,3,12,0,1,0
41098,validated_uniform,ZORP,3,12,1,0,1
41098,validated_uniform,ZORP,1,14,0,2,0
41098,validated_uniform,ZORP,1,14,1,1,1
41098,validated_uniform,ZORP,4,14,0,3,1
41098,validated_uniform,ZORP,11,11,0,0,0
41098,validated_uniform,ZORP,11,11,1,2,0
41098,validated_uniform,ZORP,11,11,2,1,1
41098,validated_uniform,ZORP,13,1,0,2,0
41098,validated_uniform,ZORP,13,1,1,1,0
41098,validated_uniform,ZORP,13,1,2,3,0
41098,validated_uniform,ZORP,13,1,3,3,0
41098,validated_uniform,ZORP,10,2,0,2,1
41098,validated_uniform,ZORP,14,9,0,1,0
41098,validated_uniform,ZORP,14,9,1,1,0
41098,validated_uniform,ZORP,14,9,2,3,1
41098,validated_uniform,ZORP,10,4,0,3,0
41098,validated_uniform,ZORP,10,4,1,2,1
41098,validated_uniform,ZORP,1,8,0,0,0
41098,validated_uniform,ZORP,1,8,1,1,1
41098,validated_uniform,ZORP,15,4,0,3,0
41098,validated_uniform,ZORP,15,4,1,0,1
41098,validated_uniform,ZORP,0,8,0,2,0
41098,validated_uniform,ZORP,0,8,1,3,1
41098,validated_uniform,ZORP,2,15,0,2,0
41098,validated_uniform,ZORP,2,15,1,0,0
41098,validated_uniform,ZORP,2,15,2,0,0
41098,validated_uniform,ZORP,2,15,3,0,0
41098,validated_uniform,ZORP,8,10,0,2,0
41098,validated_uniform,ZORP,8,10,1,2,0
41098,validated_uniform,ZORP,8,10,2,3,1
41098,validated_uniform,ZORP,2,11,0,3,1
41098,validated_uniform,ZORP,4,6,0,3,1
41098,validated_uniform,ZORP,8,7,0,2,1
41098,validated_uniform,ZORP,13,9,0,3,0
41098,validated_uniform,ZORP,13,9,1,2,0
41098,validated_uniform,ZORP,13,9,2,3,0
41098,validated_uniform,ZORP,13,9,3,1,0
41098,validated_uniform,ZORP,9,12,0,3,0
41098,validated_uniform,ZORP,9,12,1,0,0
41098,validated_uniform,ZORP,9,12,2,2,0
41098,validated_uniform,ZORP,9,12,3,3,0
41098,validated_uniform,ZORP,1,12,0,3,0
41098,validated_uniform,ZORP,1,12,1,3,0
41098,validated_uniform,ZORP,1,12,2,0,0
41098,validated_uniform,ZORP,1,12,3,2,0
41098,validated_uniform,ZORP,10,15,0,1,0
41098,validated_uniform,ZORP,10,15,1,2,0
41098,validated_uniform,ZORP,10,15,2,0,0
41098,validated_uniform,ZORP,10,15,3,2,0
41098,validated_uniform,ZORP,4,3,0,1,0
41098,validated_uniform,ZORP,4,3,1,2,1
41098,validated_uniform,ZORP,14,3,0,0,0
41098,validated_uniform,ZORP,14,3,1,0,0
41098,validated_uniform,ZORP,14,3,2,3,1
41098,validated_uniform,ZORP,12,11,0,1,0
41098,validated_uniform,ZORP,12,11,1,0,0
41098,validated_uniform,ZORP,12,11,2,3,0
41098,validated_uniform,ZORP,12,11,3,2,1
41098,validated_uniform,ZORP,11,4,0,3,0
41098,validated_uniform,ZORP,11,4,1,0,1
41098,validated_uniform,ZORP,15,12,0,1,0
41098,validated_uniform,ZORP,15,12,1,3,0
41098,validated_uniform,ZORP,15,12,2,3,0
41098,validated_uniform,ZORP,15,12,3,0,1
41098,validated_uniform,ZORP,13,2,0,3,0
41098,validated_uniform,ZORP,13,2,1,2,0
41098,validated_uniform,ZORP,13,2,2,1,1
41098,validated_uniform,ZORP,8,5,0,2,1
41098,validated_uniform,ZORP,4,9,0,2,1
41098,validated_uniform,ZORP,9,3,0,0,1
41098,validated_uniform,ZORP,1,11,0,0,1
41098,validated_uniform,ZORP,2,13,0,3,1
41098,validated_uniform,ZORP,7,7,0,3,0
41098,validated_uniform,ZORP,7,7,1,0,0
41098,validated_uniform,ZORP,7,7,2,0,0
41098,validated_uniform,ZORP,7,7,3,3,0
41098,validated_uniform,ZORP,5,10,0,2,0
41098,validated_uniform,ZORP,5,10,1,3,0
41098,validated_uniform,ZORP,5,10,2,2,0
41098,validated_uniform,ZORP,5,10,3,2,0
41098,validated_uniform,ZORP,6,8,0,2,1
41098,validated_uniform,ZORP,4,12,0,1,0
41098,validated_uniform,ZORP,4,12,1,3,1
41098,validated_uniform,ZORP,3,14,0,1,0
41098,validated_uniform,ZORP,3,14,1,2,0
41098,validated_uniform,ZORP,3,14,2,3,0
41098,validated_uniform,ZORP,3,14,3,0,1
41098,validated_uniform,ZORP,15,6,0,0,1
41098,validated_uniform,ZORP,9,9,0,2,0
41098,validated_uniform,ZORP,9,9,1,2,0
41098,validated_uniform,ZORP,9,9,2,3,0
41098,validated_uniform,ZORP,9,9,3,1,0
41098,validated_uniform,ZORP,9,6,0,2,0
41098,validated_uniform,ZORP,9,6,1,0,0
41098,validated_uniform,ZORP,9,6,2,2,0
41098,validated_uniform,ZORP,9,6,3,1,1
41098,validated_uniform,ZORP,9,5,0,2,0
41098,validated_uniform,ZORP,9,5,1,3,0
41098,validated_uniform,ZORP,9,5,2,3,0
41098,validated_uniform,ZORP,9,5,3,3,0
41098,validated_uniform,ZORP,6,3,0,3,1
41098,validated_uniform,ZORP,3,1,0,3,0
41098,validated_uniform,ZORP,3,1,1,1,1
41098,validated_uniform,ZORP,2,10,0,2,1
41098,validated_uniform,ZORP,15,7,0,0,0
41098,validated_uniform,ZORP,15,7,1,2,0
41098,validated_uniform,ZORP,15,7,2,1,1
41098,validated_uniform,ZORP,14,10,0,0,0
41098,validated_uniform,ZORP,14,10,1,3,0
41098,validated_uniform,ZORP,14,10,2,1,0
41098,validated_uniform,ZORP,14,10,3,3,0
41098,validated_hard,ZORP,11,1,0,0,0
41098,validated_hard,ZORP,11,1,1,2,0
41098,validated_hard,ZORP,11,1,2,3,0
41098,validated_hard,ZORP,11,1,3,1,1
41098,validated_hard,ZORP,13,11,0,0,1
41098,validated_hard,ZORP,13,1,0,1,0
41098,validated_hard,ZORP,13,1,1,2,0
41098,validated_hard,ZORP,13,1,2,3,0
41098,validated_hard,ZORP,13,1,3,0,1
41098,validated_hard,ZORP,0,11,0,3,0
41098,validated_hard,ZORP,0,11,1,0,0
41098,validated_hard,ZORP,0,11,2,0,0
41098,validated_hard,ZORP,0,11,3,0,0
41098,validated_hard,ZORP,11,11,0,0,0
41098,validated_hard,ZORP,11,11,1,0,0
41098,validated_hard,ZORP,11,11,2,0,0
41098,validated_hard,ZORP,11,11,3,0,0
41098,validated_hard,ZORP,12,11,0,3,0
41098,validated_hard,ZORP,12,11,1,1,0
41098,validated_hard,ZORP,12,11,2,2,1
41098,validated_hard,ZORP,0,2,0,3,1
41098,validated_hard,ZORP,14,11,0,1,0
41098,validated_hard,ZORP,14,11,1,2,0
41098,validated_hard,ZORP,14,11,2,1,0
41098,validated_hard,ZORP,14,11,3,2,0
41098,validated_hard,ZORP,11,10,0,0,1
41098,validated_hard,ZORP,1,11,0,0,1
41098,validated_hard,ZORP,13,2,0,1,1
41098,validated_hard,ZORP,0,10,0,1,0
41098,validated_hard,ZORP,0,10,1,1,0
41098,validated_hard,ZORP,0,10,2,2,0
41098,validated_hard,ZORP,0,10,3,3,1
41098,validated_hard,ZORP,3,1,0,0,0
41098,validated_hard,ZORP,3,1,1,0,0
41098,validated_hard,ZORP,3,1,2,1,1
41098,validated_hard,ZORP,11,4,0,3,0
41098,validated_hard,ZORP,11,4,1,3,0
41098,validated_hard,ZORP,11,4,2,2,0
41098,validated_hard,ZORP,11,4,3,3,0
41098,validated_hard,ZORP,4,11,0,2,1
41098,validated_hard,ZORP,14,1,0,0,0
41098,validated_hard,ZORP,14,1,1,0,0
41098,validated_hard,ZORP,14,1,2,1,0
41098,validated_hard,ZORP,14,1,3,0,0
41098,validated_hard,ZORP,2,11,0,0,0
41098,validated_hard,ZORP,2,11,1,2,0
41098,validated_hard,ZORP,2,11,2,0,0
41098,validated_hard,ZORP,2,11,3,3,1
41098,validated_hard,ZORP,13,9,0,0,1
41098,validated_hard,ZORP,0,12,0,3,1
41098,validated_hard,ZORP,1,10,0,2,0
41098,validated_hard,ZORP,1,10,1,3,0
41098,validated_hard,ZORP,1,10,2,2,0
41098,validated_hard,ZORP,1,10,3,2,0
41098,validated_hard,ZORP,1,12,0,3,0
41098,validated_hard,ZORP,1,12,1,1,1
41098,validated_hard,ZORP,3,2,0,2,0
41098,validated_hard,ZORP,3,2,1,0,1
41098,validated_hard,ZORP,6,11,0,1,0
41098,validated_hard,ZORP,6,11,1,2,0
41098,validated_hard,ZORP,6,11,2,2,0
41098,validated_hard,ZORP,6,11,3,0,0
41098,validated_hard,ZORP,3,3,0,2,0
41098,validated_hard,ZORP,3,3,1,1,1
41098,validated_hard,ZORP,5,10,0,3,0
41098,validated_hard,ZORP,5,10,1,0,0
41098,validated_hard,ZORP,5,10,2,2,0
41098,validated_hard,ZORP,5,10,3,3,0
41098,validated_hard,ZORP,1,0,0,3,0
41098,validated_hard,ZORP,1,0,1,3,0
41098,validated_hard,ZORP,1,0,2,2,0
41098,validated_hard,ZORP,1,0,3,3,0
41098,validated_hard,ZORP,0,8,0,3,1
41098,validated_hard,ZORP,14,10,0,2,1
41098,validated_hard,ZORP,8,10,0,0,0
41098,validated_hard,ZORP,8,10,1,3,1
41098,validated_hard,ZORP,2,12,0,0,0
41098,validated_hard,ZORP,2,12,1,3,0
41098,validated_hard,ZORP,2,12,2,3,0
41098,validated_hard,ZORP,2,12,3,0,0
41098,validated_hard,ZORP,4,3,0,0,0
41098,validated_hard,ZORP,4,3,1,1,0
41098,validated_hard,ZORP,4,3,2,0,0
41098,validated_hard,ZORP,4,3,3,1,0
41098,validated_hard,ZORP,5,13,0,1,0
41098,validated_hard,ZORP,5,13,1,0,1
41098,validated_hard,ZORP,9,1,0,3,0
41098,validated_hard,ZORP,9,1,1,3,0
41098,validated_hard,ZORP,9,1,2,3,0
41098,validated_hard,ZORP,9,1,3,1,0
41098,validated_hard,ZORP,7,7,0,1,1
41098,validated_hard,ZORP,4,12,0,3,1
41098,validated_hard,ZORP,8,7,0,2,1
41098,validated_hard,ZORP,0,14,0,2,0
41098,validated_hard,ZORP,0,14,1,3,1
41098,validated_hard,ZORP,14,9,0,1,0
41098,validated_hard,ZORP,14,9,1,2,0
41098,validated_hard,ZORP,14,9,2,0,0
41098,validated_hard,ZORP,14,9,3,0,0
41098,validated_hard,ZORP,13,0,0,0,0
41098,validated_hard,ZORP,13,0,1,3,0
41098,validated_hard,ZORP,13,0,2,3,0
41098,validated_hard,ZORP,13,0,3,0,0
41098,validated_hard,ZORP,10,2,0,2,1
41098,validated_hard,ZORP,10,13,0,2,0
41098,validated_hard,ZORP,10,13,1,1,0
41098,validated_hard,ZORP,10,13,2,3,1
41098,validated_hard,ZORP,4,10,0,0,0
41098,validated_hard,ZORP,4,10,1,0,0
41098,validated_hard,ZORP,4,10,2,0,0
41098,validated_hard,ZORP,4,10,3,3,1
41098,validated_hard,ZORP,6,12,0,2,1
41098,validated_hard,ZORP,12,7,0,3,0
41098,validated_hard,ZORP,12,7,1,2,1
41098,validated_hard,ZORP,14,3,0,2,0
41098,validated_hard,ZORP,14,3,1,2,0
41098,validated_hard,ZORP,14,3,2,1,0
41098,validated_hard,ZORP,14,3,3,2,0
41098,validated_hard,ZORP,2,4,0,0,0
41098,validated_hard,ZORP,2,4,1,3,0
41098,validated_hard,ZORP,2,4,2,0,0
41098,validated_hard,ZORP,2,4,3,0,0
41098,validated_hard,ZORP,10,4,0,0,0
41098,validated_hard,ZORP,10,4,1,3,0
41098,validated_hard,ZORP,10,4,2,1,0
41098,validated_hard,ZORP,10,4,3,1,0
41098,validated_hard,ZORP,14,7,0,0,0
41098,validated_hard,ZORP,14,7,1,3,1
41098,validated_dream,ZORP,11,1,0,3,0
41098,validated_dream,ZORP,11,1,1,3,0
41098,validated_dream,ZORP,11,1,2,0,0
41098,validated_dream,ZORP,11,1,3,1,1
41098,validated_dream,ZORP,13,1,0,2,0
41098,validated_dream,ZORP,13,1,1,1,0
41098,validated_dream,ZORP,13,1,2,1,0
41098,validated_dream,ZORP,13,1,3,3,0
41098,validated_dream,ZORP,0,11,0,1,0
41098,validated_dream,ZORP,0,11,1,1,0
41098,validated_dream,ZORP,0,11,2,2,1
41098,validated_dream,ZORP,1,11,0,0,1
41098,validated_dream,ZORP,13,2,0,2,0
41098,validated_dream,ZORP,13,2,1,3,0
41098,validated_dream,ZORP,13,2,2,2,0
41098,validated_dream,ZORP,13,2,3,2,0
41098,validated_dream,ZORP,0,10,0,2,0
41098,validated_dream,ZORP,0,10,1,2,0
41098,validated_dream,ZORP,0,10,2,3,1
41098,validated_dream,ZORP,11,4,0,2,0
41098,validated_dream,ZORP,11,4,1,3,0
41098,validated_dream,ZORP,11,4,2,3,0
41098,validated_dream,ZORP,11,4,3,1,0
41098,validated_dream,ZORP,4,11,0,1,0
41098,validated_dream,ZORP,4,11,1,0,0
41098,validated_dream,ZORP,4,11,2,0,0
41098,validated_dream,ZORP,4,11,3,3,0
41098,validated_dream,ZORP,14,1,0,1,0
41098,validated_dream,ZORP,14,1,1,0,0
41098,validated_dream,ZORP,14,1,2,3,1
41098,validated_dream,ZORP,2,11,0,1,0
41098,validated_dream,ZORP,2,11,1,3,1
41098,validated_dream,ZORP,0,12,0,3,1
41098,validated_dream,ZORP,1,10,0,2,0
41098,validated_dream,ZORP,1,10,1,2,0
41098,validated_dream,ZORP,1,10,2,3,0
41098,validated_dream,ZORP,1,10,3,3,0
41098,validated_dream,ZORP,1,12,0,1,1
41098,validated_dream,ZORP,6,11,0,0,0
41098,validated_dream,ZORP,6,11,1,0,0
41098,validated_dream,ZORP,6,11,2,2,0
41098,validated_dream,ZORP,6,11,3,0,0
41098,validated_dream,ZORP,5,10,0,0,0
41098,validated_dream,ZORP,5,10,1,3,0
41098,validated_dream,ZORP,5,10,2,0,0
41098,validated_dream,ZORP,5,10,3,2,0
41098,validated_dream,ZORP,0,8,0,3,1
41098,validated_dream,ZORP,2,12,0,0,0
41098,validated_dream,ZORP,2,12,1,0,0
41098,validated_dream,ZORP,2,12,2,2,1
41098,validated_dream,ZORP,5,13,0,2,0
41098,validated_dream,ZORP,5,13,1,0,1
41098,validated_dream,ZORP,9,1,0,3,0
41098,validated_dream,ZORP,9,1,1,1,0
41098,validated_dream,ZORP,9,1,2,2,0
41098,validated_dream,ZORP,9,1,3,3,0
41098,validated_dream,ZORP,4,12,0,1,0
41098,validated_dream,ZORP,4,12,1,3,1
41098,validated_dream,ZORP,8,7,0,0,0
41098,validated_dream,ZORP,8,7,1,2,1
41098,validated_dream,ZORP,0,14,0,3,1
41098,validated_dream,ZORP,13,0,0,1,1
41098,validated_dream,ZORP,10,2,0,0,0
41098,validated_dream,ZORP,10,2,1,2,1
41098,validated_dream,ZORP,4,10,0,0,0
41098,validated_dream,ZORP,4,10,1,2,0
41098,validated_dream,ZORP,4,10,2,3,1
41098,validated_dream,ZORP,6,12,0,3,0
41098,validated_dream,ZORP,6,12,1,0,0
41098,validated_dream,ZORP,6,12,2,1,0
41098,validated_dream,ZORP,6,12,3,2,1
41098,validated_dream,ZORP,12,7,0,1,0
41098,validated_dream,ZORP,12,7,1,0,0
41098,validated_dream,ZORP,12,7,2,3,0
41098,validated_dream,ZORP,12,7,3,3,0
41098,validated_dream,ZORP,14,3,0,0,0
41098,validated_dream,ZORP,14,3,1,1,0
41098,validated_dream,ZORP,14,3,2,0,0
41098,validated_dream,ZORP,14,3,3,1,0
41098,validated_dream,ZORP,10,4,0,3,0
41098,validated_dream,ZORP,10,4,1,0,0
41098,validated_dream,ZORP,10,4,2,3,0
41098,validated_dream,ZORP,10,4,3,3,0
41098,validated_dream,ZORP,14,7,0,1,0
41098,validated_dream,ZORP,14,7,1,0,0
41098,validated_dream,ZORP,14,7,2,0,0
41098,validated_dream,ZORP,14,7,3,0,0
41098,validated_dream,ZORP,1,8,0,3,0
41098,validated_dream,ZORP,1,8,1,0,0
41098,validated_dream,ZORP,1,8,2,1,1
41098,validated_dream,ZORP,6,13,0,3,1
41098,validated_dream,ZORP,2,13,0,0,0
41098,validated_dream,ZORP,2,13,1,0,0
41098,validated_dream,ZORP,2,13,2,1,0
41098,validated_dream,ZORP,2,13,3,0,0
41098,validated_dream,ZORP,3,12,0,3,0
41098,validated_dream,ZORP,3,12,1,2,0
41098,validated_dream,ZORP,3,12,2,0,1
41098,validated_dream,ZORP,2,10,0,3,0
41098,validated_dream,ZORP,2,10,1,0,0
41098,validated_dream,ZORP,2,10,2,2,1
41098,validated_dream,ZORP,1,14,0,0,0
41098,validated_dream,ZORP,1,14,1,1,1
41098,validated_dream,ZORP,6,10,0,0,0
41098,validated_dream,ZORP,6,10,1,1,0
41098,validated_dream,ZORP,6,10,2,0,0
41098,validated_dream,ZORP,6,10,3,0,0
41098,validated_dream,ZORP,4,9,0,0,0
41098,validated_dream,ZORP,4,9,1,1,0
41098,validated_dream,ZORP,4,9,2,1,0
41098,validated_dream,ZORP,4,9,3,1,0
41098,validated_dream,ZORP,15,2,0,1,0
41098,validated_dream,ZORP,15,2,1,2,0
41098,validated_dream,ZORP,15,2,2,1,0
41098,validated_dream,ZORP,15,2,3,1,0
41098,validated_dream,ZORP,3,9,0,3,0
41098,validated_dream,ZORP,3,9,1,2,0
41098,validated_dream,ZORP,3,9,2,2,0
41098,validated_dream,ZORP,3,9,3,3,0
41098,validated_dream,ZORP,5,14,0,0,0
41098,validated_dream,ZORP,5,14,1,0,0
41098,validated_dream,ZORP,5,14,2,0,0
41098,validated_dream,ZORP,5,14,3,2,0
41098,validated_dream,ZORP,15,4,0,0,1
41098,validated_dream,ZORP,5,8,0,2,0
41098,validated_dream,ZORP,5,8,1,3,0
41098,validated_dream,ZORP,5,8,2,2,0
41098,validated_dream,ZORP,5,8,3,3,0
41098,validated_dream,ZORP,4,8,0,1,0
41098,validated_dream,ZORP,4,8,1,0,0
41098,validated_dream,ZORP,4,8,2,0,0
41098,validated_dream,ZORP,4,8,3,0,0
41098,validated_dream,ZORP,8,3,0,3,0
41098,validated_dream,ZORP,8,3,1,3,0
41098,validated_dream,ZORP,8,3,2,1,0
41098,validated_dream,ZORP,8,3,3,0,0
41098,validated_dream,ZORP,7,15,0,0,0
41098,validated_dream,ZORP,7,15,1,1,1
41098,validated_dream,ZORP,5,15,0,0,1
41098,validated_dream,ZORP,8,6,0,2,0
41098,validated_dream,ZORP,8,6,1,2,0
41098,validated_dream,ZORP,8,6,2,1,0
41098,validated_dream,ZORP,8,6,3,2,0
41098,validated_hard_anchor,ZORP,11,1,0,1,1
41098,validated_hard_anchor,ZORP,13,11,0,3,0
41098,validated_hard_anchor,ZORP,13,11,1,0,1
41098,validated_hard_anchor,ZORP,13,1,0,1,0
41098,validated_hard_anchor,ZORP,13,1,1,2,0
41098,validated_hard_anchor,ZORP,13,1,2,2,0
41098,validated_hard_anchor,ZORP,13,1,3,3,0
41098,validated_hard_anchor,ZORP,0,11,0,0,0
41098,validated_hard_anchor,ZORP,0,11,1,2,1
41098,validated_hard_anchor,ZORP,11,11,0,2,0
41098,validated_hard_anchor,ZORP,11,11,1,0,0
41098,validated_hard_anchor,ZORP,11,11,2,3,0
41098,validated_hard_anchor,ZORP,11,11,3,3,0
41098,validated_hard_anchor,ZORP,12,11,0,3,0
41098,validated_hard_anchor,ZORP,12,11,1,1,0
41098,validated_hard_anchor,ZORP,12,11,2,0,0
41098,validated_hard_anchor,ZORP,12,11,3,0,0
41098,validated_hard_anchor,ZORP,0,2,0,2,0
41098,validated_hard_anchor,ZORP,0,2,1,1,0
41098,validated_hard_anchor,ZORP,0,2,2,0,0
41098,validated_hard_anchor,ZORP,0,2,3,3,1
41098,validated_hard_anchor,ZORP,14,11,0,1,0
41098,validated_hard_anchor,ZORP,14,11,1,0,0
41098,validated_hard_anchor,ZORP,14,11,2,2,0
41098,validated_hard_anchor,ZORP,14,11,3,0,0
41098,validated_hard_anchor,ZORP,11,10,0,1,0
41098,validated_hard_anchor,ZORP,11,10,1,3,0
41098,validated_hard_anchor,ZORP,11,10,2,0,1
41098,validated_hard_anchor,ZORP,1,11,0,0,1
41098,validated_hard_anchor,ZORP,13,2,0,2,0
41098,validated_hard_anchor,ZORP,13,2,1,0,0
41098,validated_hard_anchor,ZORP,13,2,2,1,1
41098,validated_hard_anchor,ZORP,0,10,0,3,1
41098,validated_hard_anchor,ZORP,3,1,0,0,0
41098,validated_hard_anchor,ZORP,3,1,1,1,1
41098,validated_hard_anchor,ZORP,11,4,0,2,0
41098,validated_hard_anchor,ZORP,11,4,1,0,1
41098,validated_hard_anchor,ZORP,4,11,0,0,0
41098,validated_hard_anchor,ZORP,4,11,1,2,1
41098,validated_hard_anchor,ZORP,14,1,0,0,0
41098,validated_hard_anchor,ZORP,14,1,1,3,1
41098,validated_hard_anchor,ZORP,2,11,0,1,0
41098,validated_hard_anchor,ZORP,2,11,1,1,0
41098,validated_hard_anchor,ZORP,2,11,2,3,1
41098,validated_hard_anchor,ZORP,13,9,0,3,0
41098,validated_hard_anchor,ZORP,13,9,1,0,1
41098,validated_hard_anchor,ZORP,0,12,0,1,0
41098,validated_hard_anchor,ZORP,0,12,1,1,0
41098,validated_hard_anchor,ZORP,0,12,2,1,0
41098,validated_hard_anchor,ZORP,0,12,3,0,0
41098,validated_hard_anchor,ZORP,1,10,0,0,0
41098,validated_hard_anchor,ZORP,1,10,1,1,1
41098,validated_hard_anchor,ZORP,1,12,0,1,1
41098,validated_hard_anchor,ZORP,3,2,0,0,1
41098,validated_hard_anchor,ZORP,6,11,0,0,0
41098,validated_hard_anchor,ZORP,6,11,1,1,0
41098,validated_hard_anchor,ZORP,6,11,2,3,1
41098,validated_hard_anchor,ZORP,3,3,0,2,0
41098,validated_hard_anchor,ZORP,3,3,1,2,0
41098,validated_hard_anchor,ZORP,3,3,2,1,1
41098,validated_hard_anchor,ZORP,5,10,0,3,0
41098,validated_hard_anchor,ZORP,5,10,1,1,1
41098,validated_hard_anchor,ZORP,1,0,0,2,0
41098,validated_hard_anchor,ZORP,1,0,1,3,0
41098,validated_hard_anchor,ZORP,1,0,2,3,0
41098,validated_hard_anchor,ZORP,1,0,3,2,0
41098,validated_hard_anchor,ZORP,0,8,0,0,0
41098,validated_hard_anchor,ZORP,0,8,1,2,0
41098,validated_hard_anchor,ZORP,0,8,2,2,0
41098,validated_hard_anchor,ZORP,0,8,3,3,1
41098,validated_hard_anchor,ZORP,14,10,0,1,0
41098,validated_hard_anchor,ZORP,14,10,1,2,1
41098,validated_hard_anchor,ZORP,8,10,0,2,0
41098,validated_hard_anchor,ZORP,8,10,1,3,1
41098,validated_hard_anchor,ZORP,2,12,0,0,0
41098,validated_hard_anchor,ZORP,2,12,1,0,0
41098,validated_hard_anchor,ZORP,2,12,2,0,0
41098,validated_hard_anchor,ZORP,2,12,3,2,1
41098,validated_hard_anchor,ZORP,4,3,0,2,1
41098,validated_hard_anchor,ZORP,5,13,0,2,0
41098,validated_hard_anchor,ZORP,5,13,1,0,1
41098,validated_hard_anchor,ZORP,9,1,0,1,0
41098,validated_hard_anchor,ZORP,9,1,1,3,0
41098,validated_hard_anchor,ZORP,9,1,2,0,1
41098,validated_hard_anchor,ZORP,7,7,0,1,1
41098,validated_hard_anchor,ZORP,4,12,0,3,1
41098,validated_hard_anchor,ZORP,8,7,0,2,1
41098,validated_hard_anchor,ZORP,0,14,0,0,0
41098,validated_hard_anchor,ZORP,0,14,1,3,1
41098,validated_hard_anchor,ZORP,14,9,0,2,0
41098,validated_hard_anchor,ZORP,14,9,1,3,1
41098,validated_hard_anchor,ZORP,13,0,0,3,0
41098,validated_hard_anchor,ZORP,13,0,1,3,0
41098,validated_hard_anchor,ZORP,13,0,2,1,1
41098,validated_hard_anchor,ZORP,10,2,0,1,0
41098,validated_hard_anchor,ZORP,10,2,1,2,1
41098,validated_hard_anchor,ZORP,10,13,0,1,0
41098,validated_hard_anchor,ZORP,10,13,1,3,1
41098,validated_hard_anchor,ZORP,4,10,0,0,0
41098,validated_hard_anchor,ZORP,4,10,1,0,0
41098,validated_hard_anchor,ZORP,4,10,2,0,0
41098,validated_hard_anchor,ZORP,4,10,3,0,0
41098,validated_hard_anchor,ZORP,6,12,0,3,0
41098,validated_hard_anchor,ZORP,6,12,1,3,0
41098,validated_hard_anchor,ZORP,6,12,2,2,1
41098,validated_hard_anchor,ZORP,12,7,0,0,0
41098,validated_hard_anchor,ZORP,12,7,1,2,1
41098,validated_hard_anchor,ZORP,14,3,0,2,0
41098,validated_hard_anchor,ZORP,14,3,1,3,1
41098,validated_hard_anchor,ZORP,2,4,0,0,0
41098,validated_hard_anchor,ZORP,2,4,1,2,1
41098,validated_hard_anchor,ZORP,10,4,0,0,0
41098,validated_hard_anchor,ZORP,10,4,1,0,0
41098,validated_hard_anchor,ZORP,10,4,2,2,1
41098,validated_hard_anchor,ZORP,14,7,0,1,0
41098,validated_hard_anchor,ZORP,14,7,1,0,0
41098,validated_hard_anchor,ZORP,14,7,2,2,0
41098,validated_hard_anchor,ZORP,14,7,3,3,1
41195,validated_uniform,ZORP,2,10,0,1,0
41195,validated_uniform,ZORP,2,10,1,1,0
41195,validated_uniform,ZORP,2,10,2,3,1
41195,validated_uniform,ZORP,14,8,0,2,1
41195,validated_uniform,ZORP,4,11,0,3,0
41195,validated_uniform,ZORP,4,11,1,3,0
41195,validated_uniform,ZORP,4,11,2,3,0
41195,validated_uniform,ZORP,4,11,3,1,0
41195,validated_uniform,ZORP,13,6,0,3,0
41195,validated_uniform,ZORP,13,6,1,0,0
41195,validated_uniform,ZORP,13,6,2,1,1
41195,validated_uniform,ZORP,3,0,0,2,0
41195,validated_uniform,ZORP,3,0,1,3,0
41195,validated_uniform,ZORP,3,0,2,0,0
41195,validated_uniform,ZORP,3,0,3,0,0
41195,validated_uniform,ZORP,10,1,0,1,0
41195,validated_uniform,ZORP,10,1,1,0,1
41195,validated_uniform,ZORP,10,4,0,1,0
41195,validated_uniform,ZORP,10,4,1,3,0
41195,validated_uniform,ZORP,10,4,2,2,1
41195,validated_uniform,ZORP,13,0,0,0,1
41195,validated_uniform,ZORP,10,9,0,3,0
41195,validated_uniform,ZORP,10,9,1,1,0
41195,validated_uniform,ZORP,10,9,2,2,0
41195,validated_uniform,ZORP,10,9,3,1,0
41195,validated_uniform,ZORP,3,8,0,1,1
41195,validated_uniform,ZORP,15,10,0,0,1
41195,validated_uniform,ZORP,1,1,0,3,1
41195,validated_uniform,ZORP,9,12,0,0,1
41195,validated_uniform,ZORP,3,15,0,1,0
41195,validated_uniform,ZORP,3,15,1,3,1
41195,validated_uniform,ZORP,3,10,0,1,0
41195,validated_uniform,ZORP,3,10,1,1,0
41195,validated_uniform,ZORP,3,10,2,1,0
41195,validated_uniform,ZORP,3,10,3,3,0
41195,validated_uniform,ZORP,3,5,0,2,1
41195,validated_uniform,ZORP,9,3,0,1,0
41195,validated_uniform,ZORP,9,3,1,2,1
41195,validated_uniform,ZORP,0,5,0,3,0
41195,validated_uniform,ZORP,0,5,1,2,0
41195,validated_uniform,ZORP,0,5,2,1,1
41195,validated_uniform,ZORP,0,4,0,0,0
41195,validated_uniform,ZORP,0,4,1,0,0
41195,validated_uniform,ZORP,0,4,2,0,0
41195,validated_uniform,ZORP,0,4,3,2,0
41195,validated_uniform,ZORP,0,8,0,1,0
41195,validated_uniform,ZORP,0,8,1,2,0
41195,validated_uniform,ZORP,0,8,2,2,0
41195,validated_uniform,ZORP,0,8,3,2,0
41195,validated_uniform,ZORP,13,12,0,1,0
41195,validated_uniform,ZORP,13,12,1,2,0
41195,validated_uniform,ZORP,13,12,2,2,0
41195,validated_uniform,ZORP,13,12,3,2,0
41195,validated_uniform,ZORP,14,4,0,3,0
41195,validated_uniform,ZORP,14,4,1,2,1
41195,validated_uniform,ZORP,3,6,0,1,0
41195,validated_uniform,ZORP,3,6,1,2,0
41195,validated_uniform,ZORP,3,6,2,0,1
41195,validated_uniform,ZORP,13,1,0,2,0
41195,validated_uniform,ZORP,13,1,1,2,0
41195,validated_uniform,ZORP,13,1,2,0,0
41195,validated_uniform,ZORP,13,1,3,2,0
41195,validated_uniform,ZORP,5,15,0,2,1
41195,validated_uniform,ZORP,14,2,0,3,1
41195,validated_uniform,ZORP,14,13,0,3,0
41195,validated_uniform,ZORP,14,13,1,0,1
41195,validated_uniform,ZORP,3,2,0,0,1
41195,validated_uniform,ZORP,12,0,0,0,0
41195,validated_uniform,ZORP,12,0,1,0,0
41195,validated_uniform,ZORP,12,0,2,1,0
41195,validated_uniform,ZORP,12,0,3,2,0
41195,validated_uniform,ZORP,4,8,0,0,0
41195,validated_uniform,ZORP,4,8,1,1,0
41195,validated_uniform,ZORP,4,8,2,1,0
41195,validated_uniform,ZORP,4,8,3,2,0
41195,validated_uniform,ZORP,11,4,0,1,1
41195,validated_uniform,ZORP,9,13,0,0,0
41195,validated_uniform,ZORP,9,13,1,1,0
41195,validated_uniform,ZORP,9,13,2,2,0
41195,validated_uniform,ZORP,9,13,3,3,1
41195,validated_uniform,ZORP,5,14,0,1,1
41195,validated_uniform,ZORP,8,11,0,0,1
41195,validated_uniform,ZORP,14,6,0,0,0
41195,validated_uniform,ZORP,14,6,1,3,1
41195,validated_uniform,ZORP,3,12,0,3,0
41195,validated_uniform,ZORP,3,12,1,1,1
41195,validated_uniform,ZORP,4,10,0,2,1
41195,validated_uniform,ZORP,4,9,0,2,0
41195,validated_uniform,ZORP,4,9,1,0,0
41195,validated_uniform,ZORP,4,9,2,1,1
41195,validated_uniform,ZORP,13,2,0,2,0
41195,validated_uniform,ZORP,13,2,1,1,1
41195,validated_uniform,ZORP,1,8,0,1,0
41195,validated_uniform,ZORP,1,8,1,0,1
41195,validated_uniform,ZORP,0,2,0,1,0
41195,validated_uniform,ZORP,0,2,1,2,1
41195,validated_uniform,ZORP,2,11,0,2,0
41195,validated_uniform,ZORP,2,11,1,1,1
41195,validated_uniform,ZORP,12,5,0,2,0
41195,validated_uniform,ZORP,12,5,1,3,0
41195,validated_uniform,ZORP,12,5,2,2,0
41195,validated_uniform,ZORP,12,5,3,3,0
41195,validated_uniform,ZORP,5,2,0,1,1
41195,validated_uniform,ZORP,8,14,0,2,1
41195,validated_uniform,ZORP,1,13,0,1,0
41195,validated_uniform,ZORP,1,13,1,0,0
41195,validated_uniform,ZORP,1,13,2,1,0
41195,validated_uniform,ZORP,1,13,3,3,1
41195,validated_uniform,ZORP,8,4,0,0,0
41195,validated_uniform,ZORP,8,4,1,1,0
41195,validated_uniform,ZORP,8,4,2,1,0
41195,validated_uniform,ZORP,8,4,3,2,0
41195,validated_uniform,ZORP,14,5,0,1,0
41195,validated_uniform,ZORP,14,5,1,1,0
41195,validated_uniform,ZORP,14,5,2,3,0
41195,validated_uniform,ZORP,14,5,3,1,0
41195,validated_hard,ZORP,4,0,0,3,1
41195,validated_hard,ZORP,8,6,0,2,1
41195,validated_hard,ZORP,3,6,0,2,0
41195,validated_hard,ZORP,3,6,1,1,0
41195,validated_hard,ZORP,3,6,2,1,0
41195,validated_hard,ZORP,3,6,3,0,1
41195,validated_hard,ZORP,8,4,0,2,0
41195,validated_hard,ZORP,8,4,1,0,0
41195,validated_hard,ZORP,8,4,2,0,0
41195,validated_hard,ZORP,8,4,3,2,0
41195,validated_hard,ZORP,3,0,0,3,0
41195,validated_hard,ZORP,3,0,1,2,0
41195,validated_hard,ZORP,3,0,2,3,0
41195,validated_hard,ZORP,3,0,3,2,0
41195,validated_hard,ZORP,6,5,0,0,1
41195,validated_hard,ZORP,13,0,0,2,0
41195,validated_hard,ZORP,13,0,1,1,0
41195,validated_hard,ZORP,13,0,2,3,0
41195,validated_hard,ZORP,13,0,3,1,0
41195,validated_hard,ZORP,6,8,0,1,0
41195,validated_hard,ZORP,6,8,1,2,1
41195,validated_hard,ZORP,4,8,0,1,0
41195,validated_hard,ZORP,4,8,1,3,1
41195,validated_hard,ZORP,4,1,0,1,1
41195,validated_hard,ZORP,11,0,0,2,0
41195,validated_hard,ZORP,11,0,1,3,0
41195,validated_hard,ZORP,11,0,2,1,1
41195,validated_hard,ZORP,5,8,0,2,0
41195,validated_hard,ZORP,5,8,1,2,0
41195,validated_hard,ZORP,5,8,2,1,0
41195,validated_hard,ZORP,5,8,3,1,0
41195,validated_hard,ZORP,3,5,0,2,1
41195,validated_hard,ZORP,1,6,0,1,1
41195,validated_hard,ZORP,3,8,0,3,0
41195,validated_hard,ZORP,3,8,1,0,0
41195,validated_hard,ZORP,3,8,2,2,0
41195,validated_hard,ZORP,3,8,3,2,0
41195,validated_hard,ZORP,12,0,0,2,0
41195,validated_hard,ZORP,12,0,1,0,0
41195,validated_hard,ZORP,12,0,2,3,1
41195,validated_hard,ZORP,14,6,0,1,0
41195,validated_hard,ZORP,14,6,1,3,1
41195,validated_hard,ZORP,8,2,0,1,0
41195,validated_hard,ZORP,8,2,1,1,0
41195,validated_hard,ZORP,8,2,2,2,1
41195,validated_hard,ZORP,1,8,0,0,1
41195,validated_hard,ZORP,14,8,0,0,0
41195,validated_hard,ZORP,14,8,1,3,0
41195,validated_hard,ZORP,14,8,2,3,0
41195,validated_hard,ZORP,14,8,3,2,1
41195,validated_hard,ZORP,6,15,0,0,0
41195,validated_hard,ZORP,6,15,1,3,0
41195,validated_hard,ZORP,6,15,2,0,0
41195,validated_hard,ZORP,6,15,3,3,0
41195,validated_hard,ZORP,14,4,0,0,0
41195,validated_hard,ZORP,14,4,1,3,0
41195,validated_hard,ZORP,14,4,2,1,0
41195,validated_hard,ZORP,14,4,3,1,0
41195,validated_hard,ZORP,3,15,0,0,0
41195,validated_hard,ZORP,3,15,1,3,1
41195,validated_hard,ZORP,14,2,0,1,0
41195,validated_hard,ZORP,14,2,1,2,0
41195,validated_hard,ZORP,14,2,2,3,1
41195,validated_hard,ZORP,15,5,0,2,1
41195,validated_hard,ZORP,14,3,0,0,0
41195,validated_hard,ZORP,14,3,1,3,0
41195,validated_hard,ZORP,14,3,2,2,0
41195,validated_hard,ZORP,14,3,3,2,0
41195,validated_hard,ZORP,1,4,0,0,1
41195,validated_hard,ZORP,14,5,0,2,0
41195,validated_hard,ZORP,14,5,1,2,0
41195,validated_hard,ZORP,14,5,2,1,0
41195,validated_hard,ZORP,14,5,3,3,0
41195,validated_hard,ZORP,2,8,0,0,0
41195,validated_hard,ZORP,2,8,1,3,0
41195,validated_hard,ZORP,2,8,2,2,1
41195,validated_hard,ZORP,2,4,0,2,1
41195,validated_hard,ZORP,2,15,0,1,1
41195,validated_hard,ZORP,3,1,0,1,0
41195,validated_hard,ZORP,3,1,1,2,1
41195,validated_hard,ZORP,8,14,0,2,1
41195,validated_hard,ZORP,5,2,0,0,0
41195,validated_hard,ZORP,5,2,1,1,1
41195,validated_hard,ZORP,0,4,0,1,0
41195,validated_hard,ZORP,0,4,1,2,0
41195,validated_hard,ZORP,0,4,2,1,0
41195,validated_hard,ZORP,0,4,3,3,1
41195,validated_hard,ZORP,5,5,0,1,0
41195,validated_hard,ZORP,5,5,1,2,0
41195,validated_hard,ZORP,5,5,2,2,0
41195,validated_hard,ZORP,5,5,3,0,0
41195,validated_hard,ZORP,0,8,0,0,0
41195,validated_hard,ZORP,0,8,1,1,0
41195,validated_hard,ZORP,0,8,2,0,0
41195,validated_hard,ZORP,0,8,3,0,0
41195,validated_hard,ZORP,5,14,0,1,1
41195,validated_hard,ZORP,1,14,0,1,1
41195,validated_hard,ZORP,0,3,0,0,1
41195,validated_hard,ZORP,13,1,0,0,0
41195,validated_hard,ZORP,13,1,1,0,0
41195,validated_hard,ZORP,13,1,2,2,0
41195,validated_hard,ZORP,13,1,3,0,0
41195,validated_hard,ZORP,5,15,0,3,0
41195,validated_hard,ZORP,5,15,1,2,1
41195,validated_hard,ZORP,13,6,0,1,1
41195,validated_hard,ZORP,0,15,0,1,0
41195,validated_hard,ZORP,0,15,1,1,0
41195,validated_hard,ZORP,0,15,2,0,1
41195,validated_hard,ZORP,0,2,0,1,0
41195,validated_hard,ZORP,0,2,1,2,1
41195,validated_hard,ZORP,3,2,0,1,0
41195,validated_hard,ZORP,3,2,1,2,0
41195,validated_hard,ZORP,3,2,2,1,0
41195,validated_hard,ZORP,3,2,3,0,1
41195,validated_hard,ZORP,0,5,0,0,0
41195,validated_hard,ZORP,0,5,1,2,0
41195,validated_hard,ZORP,0,5,2,1,1
41195,validated_hard,ZORP,4,9,0,3,0
41195,validated_hard,ZORP,4,9,1,1,1
41195,validated_dream,ZORP,8,6,0,1,0
41195,validated_dream,ZORP,8,6,1,2,1
41195,validated_dream,ZORP,8,4,0,2,0
41195,validated_dream,ZORP,8,4,1,1,0
41195,validated_dream,ZORP,8,4,2,2,0
41195,validated_dream,ZORP,8,4,3,2,0
41195,validated_dream,ZORP,13,0,0,3,0
41195,validated_dream,ZORP,13,0,1,3,0
41195,validated_dream,ZORP,13,0,2,0,1
41195,validated_dream,ZORP,6,8,0,2,1
41195,validated_dream,ZORP,4,8,0,2,0
41195,validated_dream,ZORP,4,8,1,1,0
41195,validated_dream,ZORP,4,8,2,1,0
41195,validated_dream,ZORP,4,8,3,1,0
41195,validated_dream,ZORP,11,0,0,1,1
41195,validated_dream,ZORP,5,8,0,1,0
41195,validated_dream,ZORP,5,8,1,1,0
41195,validated_dream,ZORP,5,8,2,1,0
41195,validated_dream,ZORP,5,8,3,1,0
41195,validated_dream,ZORP,3,8,0,1,1
41195,validated_dream,ZORP,12,0,0,1,0
41195,validated_dream,ZORP,12,0,1,1,0
41195,validated_dream,ZORP,12,0,2,2,0
41195,validated_dream,ZORP,12,0,3,1,0
41195,validated_dream,ZORP,14,6,0,3,1
41195,validated_dream,ZORP,8,2,0,1,0
41195,validated_dream,ZORP,8,2,1,1,0
41195,validated_dream,ZORP,8,2,2,2,1
41195,validated_dream,ZORP,1,8,0,0,1
41195,validated_dream,ZORP,6,15,0,2,0
41195,validated_dream,ZORP,6,15,1,2,0
41195,validated_dream,ZORP,6,15,2,0,0
41195,validated_dream,ZORP,6,15,3,2,0
41195,validated_dream,ZORP,14,4,0,1,0
41195,validated_dream,ZORP,14,4,1,1,0
41195,validated_dream,ZORP,14,4,2,3,0
41195,validated_dream,ZORP,14,4,3,2,1
41195,validated_dream,ZORP,3,15,0,2,0
41195,validated_dream,ZORP,3,15,1,0,0
41195,validated_dream,ZORP,3,15,2,2,0
41195,validated_dream,ZORP,3,15,3,0,0
41195,validated_dream,ZORP,14,2,0,1,0
41195,validated_dream,ZORP,14,2,1,2,0
41195,validated_dream,ZORP,14,2,2,3,1
41195,validated_dream,ZORP,15,5,0,2,1
41195,validated_dream,ZORP,14,3,0,1,1
41195,validated_dream,ZORP,14,5,0,2,0
41195,validated_dream,ZORP,14,5,1,3,0
41195,validated_dream,ZORP,14,5,2,3,0
41195,validated_dream,ZORP,14,5,3,1,0
41195,validated_dream,ZORP,2,8,0,1,0
41195,validated_dream,ZORP,2,8,1,1,0
41195,validated_dream,ZORP,2,8,2,3,0
41195,validated_dream,ZORP,2,8,3,2,1
41195,validated_dream,ZORP,2,15,0,0,0
41195,validated_dream,ZORP,2,15,1,1,1
41195,validated_dream,ZORP,0,8,0,3,1
41195,validated_dream,ZORP,5,14,0,0,0
41195,validated_dream,ZORP,5,14,1,2,0
41195,validated_dream,ZORP,5,14,2,1,1
41195,validated_dream,ZORP,1,14,0,1,1
41195,validated_dream,ZORP,13,1,0,0,0
41195,validated_dream,ZORP,13,1,1,2,0
41195,validated_dream,ZORP,13,1,2,3,1
41195,validated_dream,ZORP,5,15,0,3,0
41195,validated_dream,ZORP,5,15,1,1,0
41195,validated_dream,ZORP,5,15,2,1,0
41195,validated_dream,ZORP,5,15,3,1,0
41195,validated_dream,ZORP,13,6,0,2,0
41195,validated_dream,ZORP,13,6,1,0,0
41195,validated_dream,ZORP,13,6,2,3,0
41195,validated_dream,ZORP,13,6,3,1,1
41195,validated_dream,ZORP,0,15,0,2,0
41195,validated_dream,ZORP,0,15,1,1,0
41195,validated_dream,ZORP,0,15,2,2,0
41195,validated_dream,ZORP,0,15,3,2,0
41195,validated_dream,ZORP,4,9,0,1,1
41195,validated_dream,ZORP,6,10,0,1,0
41195,validated_dream,ZORP,6,10,1,3,1
41195,validated_dream,ZORP,4,10,0,1,0
41195,validated_dream,ZORP,4,10,1,2,1
41195,validated_dream,ZORP,4,12,0,3,1
41195,validated_dream,ZORP,13,5,0,1,0
41195,validated_dream,ZORP,13,5,1,1,0
41195,validated_dream,ZORP,13,5,2,3,1
41195,validated_dream,ZORP,1,9,0,0,0
41195,validated_dream,ZORP,1,9,1,0,0
41195,validated_dream,ZORP,1,9,2,3,1
41195,validated_dream,ZORP,11,6,0,2,0
41195,validated_dream,ZORP,11,6,1,0,1
41195,validated_dream,ZORP,13,2,0,0,0
41195,validated_dream,ZORP,13,2,1,2,0
41195,validated_dream,ZORP,13,2,2,3,0
41195,validated_dream,ZORP,13,2,3,2,0
41195,validated_dream,ZORP,4,11,0,0,1
41195,validated_dream,ZORP,15,7,0,2,0
41195,validated_dream,ZORP,15,7,1,2,0
41195,validated_dream,ZORP,15,7,2,2,0
41195,validated_dream,ZORP,15,7,3,2,0
41195,validated_dream,ZORP,5,9,0,3,1
41195,validated_dream,ZORP,3,10,0,0,1
41195,validated_dream,ZORP,11,4,0,1,1
41195,validated_dream,ZORP,12,6,0,3,0
41195,validated_dream,ZORP,12,6,1,3,0
41195,validated_dream,ZORP,12,6,2,2,1
41195,validated_dream,ZORP,11,5,0,1,0
41195,validated_dream,ZORP,11,5,1,0,0
41195,validated_dream,ZORP,11,5,2,2,1
41195,validated_dream,ZORP,0,9,0,0,0
41195,validated_dream,ZORP,0,9,1,1,1
41195,validated_dream,ZORP,10,4,0,3,0
41195,validated_dream,ZORP,10,4,1,1,0
41195,validated_dream,ZORP,10,4,2,1,0
41195,validated_dream,ZORP,10,4,3,1,0
41195,validated_dream,ZORP,10,1,0,2,0
41195,validated_dream,ZORP,10,1,1,0,1
41195,validated_dream,ZORP,5,12,0,2,0
41195,validated_dream,ZORP,5,12,1,1,0
41195,validated_dream,ZORP,5,12,2,2,0
41195,validated_dream,ZORP,5,12,3,2,0
41195,validated_dream,ZORP,1,13,0,2,0
41195,validated_dream,ZORP,1,13,1,1,0
41195,validated_dream,ZORP,1,13,2,2,0
41195,validated_dream,ZORP,1,13,3,3,1
41195,validated_hard_anchor,ZORP,4,0,0,0,0
41195,validated_hard_anchor,ZORP,4,0,1,2,0
41195,validated_hard_anchor,ZORP,4,0,2,2,0
41195,validated_hard_anchor,ZORP,4,0,3,1,0
41195,validated_hard_anchor,ZORP,8,6,0,1,0
41195,validated_hard_anchor,ZORP,8,6,1,2,1
41195,validated_hard_anchor,ZORP,3,6,0,2,0
41195,validated_hard_anchor,ZORP,3,6,1,2,0
41195,validated_hard_anchor,ZORP,3,6,2,1,0
41195,validated_hard_anchor,ZORP,3,6,3,2,0
41195,validated_hard_anchor,ZORP,8,4,0,2,0
41195,validated_hard_anchor,ZORP,8,4,1,1,0
41195,validated_hard_anchor,ZORP,8,4,2,0,0
41195,validated_hard_anchor,ZORP,8,4,3,1,0
41195,validated_hard_anchor,ZORP,3,0,0,2,0
41195,validated_hard_anchor,ZORP,3,0,1,1,1
41195,validated_hard_anchor,ZORP,6,5,0,1,0
41195,validated_hard_anchor,ZORP,6,5,1,1,0
41195,validated_hard_anchor,ZORP,6,5,2,3,0
41195,validated_hard_anchor,ZORP,6,5,3,2,0
41195,validated_hard_anchor,ZORP,13,0,0,2,0
41195,validated_hard_anchor,ZORP,13,0,1,0,1
41195,validated_hard_anchor,ZORP,6,8,0,1,0
41195,validated_hard_anchor,ZORP,6,8,1,2,1
41195,validated_hard_anchor,ZORP,4,8,0,1,0
41195,validated_hard_anchor,ZORP,4,8,1,1,0
41195,validated_hard_anchor,ZORP,4,8,2,3,1
41195,validated_hard_anchor,ZORP,4,1,0,2,0
41195,validated_hard_anchor,ZORP,4,1,1,3,0
41195,validated_hard_anchor,ZORP,4,1,2,1,1
41195,validated_hard_anchor,ZORP,11,0,0,2,0
41195,validated_hard_anchor,ZORP,11,0,1,1,1
41195,validated_hard_anchor,ZORP,5,8,0,3,0
41195,validated_hard_anchor,ZORP,5,8,1,0,1
41195,validated_hard_anchor,ZORP,3,5,0,0,0
41195,validated_hard_anchor,ZORP,3,5,1,2,1
41195,validated_hard_anchor,ZORP,1,6,0,3,0
41195,validated_hard_anchor,ZORP,1,6,1,2,0
41195,validated_hard_anchor,ZORP,1,6,2,2,0
41195,validated_hard_anchor,ZORP,1,6,3,2,0
41195,validated_hard_anchor,ZORP,3,8,0,2,0
41195,validated_hard_anchor,ZORP,3,8,1,2,0
41195,validated_hard_anchor,ZORP,3,8,2,3,0
41195,validated_hard_anchor,ZORP,3,8,3,3,0
41195,validated_hard_anchor,ZORP,12,0,0,2,0
41195,validated_hard_anchor,ZORP,12,0,1,1,0
41195,validated_hard_anchor,ZORP,12,0,2,0,0
41195,validated_hard_anchor,ZORP,12,0,3,1,0
41195,validated_hard_anchor,ZORP,14,6,0,1,0
41195,validated_hard_anchor,ZORP,14,6,1,3,1
41195,validated_hard_anchor,ZORP,8,2,0,1,0
41195,validated_hard_anchor,ZORP,8,2,1,0,0
41195,validated_hard_anchor,ZORP,8,2,2,1,0
41195,validated_hard_anchor,ZORP,8,2,3,1,0
41195,validated_hard_anchor,ZORP,1,8,0,3,0
41195,validated_hard_anchor,ZORP,1,8,1,0,1
41195,validated_hard_anchor,ZORP,14,8,0,3,0
41195,validated_hard_anchor,ZORP,14,8,1,2,1
41195,validated_hard_anchor,ZORP,6,15,0,0,0
41195,validated_hard_anchor,ZORP,6,15,1,1,1
41195,validated_hard_anchor,ZORP,14,4,0,0,0
41195,validated_hard_anchor,ZORP,14,4,1,0,0
41195,validated_hard_anchor,ZORP,14,4,2,3,0
41195,validated_hard_anchor,ZORP,14,4,3,0,0
41195,validated_hard_anchor,ZORP,3,15,0,2,0
41195,validated_hard_anchor,ZORP,3,15,1,3,1
41195,validated_hard_anchor,ZORP,14,2,0,1,0
41195,validated_hard_anchor,ZORP,14,2,1,0,0
41195,validated_hard_anchor,ZORP,14,2,2,2,0
41195,validated_hard_anchor,ZORP,14,2,3,1,0
41195,validated_hard_anchor,ZORP,15,5,0,0,0
41195,validated_hard_anchor,ZORP,15,5,1,3,0
41195,validated_hard_anchor,ZORP,15,5,2,3,0
41195,validated_hard_anchor,ZORP,15,5,3,0,0
41195,validated_hard_anchor,ZORP,14,3,0,1,1
41195,validated_hard_anchor,ZORP,1,4,0,2,0
41195,validated_hard_anchor,ZORP,1,4,1,3,0
41195,validated_hard_anchor,ZORP,1,4,2,3,0
41195,validated_hard_anchor,ZORP,1,4,3,0,1
41195,validated_hard_anchor,ZORP,14,5,0,0,1
41195,validated_hard_anchor,ZORP,2,8,0,1,0
41195,validated_hard_anchor,ZORP,2,8,1,2,1
41195,validated_hard_anchor,ZORP,2,4,0,0,0
41195,validated_hard_anchor,ZORP,2,4,1,3,0
41195,validated_hard_anchor,ZORP,2,4,2,3,0
41195,validated_hard_anchor,ZORP,2,4,3,1,0
41195,validated_hard_anchor,ZORP,2,15,0,2,0
41195,validated_hard_anchor,ZORP,2,15,1,1,1
41195,validated_hard_anchor,ZORP,3,1,0,2,1
41195,validated_hard_anchor,ZORP,8,14,0,2,1
41195,validated_hard_anchor,ZORP,5,2,0,0,0
41195,validated_hard_anchor,ZORP,5,2,1,1,1
41195,validated_hard_anchor,ZORP,0,4,0,1,0
41195,validated_hard_anchor,ZORP,0,4,1,2,0
41195,validated_hard_anchor,ZORP,0,4,2,1,0
41195,validated_hard_anchor,ZORP,0,4,3,3,1
41195,validated_hard_anchor,ZORP,5,5,0,0,0
41195,validated_hard_anchor,ZORP,5,5,1,2,0
41195,validated_hard_anchor,ZORP,5,5,2,2,0
41195,validated_hard_anchor,ZORP,5,5,3,2,0
41195,validated_hard_anchor,ZORP,0,8,0,1,0
41195,validated_hard_anchor,ZORP,0,8,1,2,0
41195,validated_hard_anchor,ZORP,0,8,2,2,0
41195,validated_hard_anchor,ZORP,0,8,3,0,0
41195,validated_hard_anchor,ZORP,5,14,0,0,0
41195,validated_hard_anchor,ZORP,5,14,1,1,1
41195,validated_hard_anchor,ZORP,1,14,0,2,0
41195,validated_hard_anchor,ZORP,1,14,1,3,0
41195,validated_hard_anchor,ZORP,1,14,2,3,0
41195,validated_hard_anchor,ZORP,1,14,3,0,0
41195,validated_hard_anchor,ZORP,0,3,0,2,0
41195,validated_hard_anchor,ZORP,0,3,1,2,0
41195,validated_hard_anchor,ZORP,0,3,2,3,0
41195,validated_hard_anchor,ZORP,0,3,3,1,0
41195,validated_hard_anchor,ZORP,13,1,0,1,0
41195,validated_hard_anchor,ZORP,13,1,1,3,1
41195,validated_hard_anchor,ZORP,5,15,0,0,0
41195,validated_hard_anchor,ZORP,5,15,1,3,0
41195,validated_hard_anchor,ZORP,5,15,2,3,0
41195,validated_hard_anchor,ZORP,5,15,3,0,0
41195,validated_hard_anchor,ZORP,13,6,0,1,1
41195,validated_hard_anchor,ZORP,0,15,0,2,0
41195,validated_hard_anchor,ZORP,0,15,1,1,0
41195,validated_hard_anchor,ZORP,0,15,2,3,0
41195,validated_hard_anchor,ZORP,0,15,3,0,1
41195,validated_hard_anchor,ZORP,0,2,0,2,1
41195,validated_hard_anchor,ZORP,3,2,0,2,0
41195,validated_hard_anchor,ZORP,3,2,1,2,0
41195,validated_hard_anchor,ZORP,3,2,2,0,1
41195,validated_hard_anchor,ZORP,0,5,0,3,0
41195,validated_hard_anchor,ZORP,0,5,1,3,0
41195,validated_hard_anchor,ZORP,0,5,2,1,1
41195,validated_hard_anchor,ZORP,4,9,0,0,0
41195,validated_hard_anchor,ZORP,4,9,1,2,0
41195,validated_hard_anchor,ZORP,4,9,2,2,0
41195,validated_hard_anchor,ZORP,4,9,3,2,0
41292,validated_uniform,ZORP,13,2,0,2,0
41292,validated_uniform,ZORP,13,2,1,2,0
41292,validated_uniform,ZORP,13,2,2,2,0
41292,validated_uniform,ZORP,13,2,3,0,0
41292,validated_uniform,ZORP,7,10,0,1,1
41292,validated_uniform,ZORP,14,7,0,3,1
41292,validated_uniform,ZORP,13,13,0,3,0
41292,validated_uniform,ZORP,13,13,1,1,0
41292,validated_uniform,ZORP,13,13,2,1,0
41292,validated_uniform,ZORP,13,13,3,1,0
41292,validated_uniform,ZORP,7,6,0,1,1
41292,validated_uniform,ZORP,8,0,0,1,0
41292,validated_uniform,ZORP,8,0,1,1,0
41292,validated_uniform,ZORP,8,0,2,2,1
41292,validated_uniform,ZORP,0,12,0,0,0
41292,validated_uniform,ZORP,0,12,1,2,1
41292,validated_uniform,ZORP,6,2,0,1,0
41292,validated_uniform,ZORP,6,2,1,1,0
41292,validated_uniform,ZORP,6,2,2,2,1
41292,validated_uniform,ZORP,12,9,0,3,1
41292,validated_uniform,ZORP,8,2,0,0,1
41292,validated_uniform,ZORP,11,10,0,1,1
41292,validated_uniform,ZORP,13,5,0,2,1
41292,validated_uniform,ZORP,9,0,0,3,0
41292,validated_uniform,ZORP,9,0,1,0,0
41292,validated_uniform,ZORP,9,0,2,2,0
41292,validated_uniform,ZORP,9,0,3,1,1
41292,validated_uniform,ZORP,2,11,0,2,0
41292,validated_uniform,ZORP,2,11,1,0,0
41292,validated_uniform,ZORP,2,11,2,1,0
41292,validated_uniform,ZORP,2,11,3,2,0
41292,validated_uniform,ZORP,15,2,0,0,0
41292,validated_uniform,ZORP,15,2,1,2,0
41292,validated_uniform,ZORP,15,2,2,2,0
41292,validated_uniform,ZORP,15,2,3,3,0
41292,validated_uniform,ZORP,6,14,0,3,0
41292,validated_uniform,ZORP,6,14,1,0,0
41292,validated_uniform,ZORP,6,14,2,1,0
41292,validated_uniform,ZORP,6,14,3,1,0
41292,validated_uniform,ZORP,2,10,0,2,1
41292,validated_uniform,ZORP,8,1,0,1,0
41292,validated_uniform,ZORP,8,1,1,3,1
41292,validated_uniform,ZORP,3,9,0,3,0
41292,validated_uniform,ZORP,3,9,1,3,0
41292,validated_uniform,ZORP,3,9,2,2,0
41292,validated_uniform,ZORP,3,9,3,2,0
41292,validated_uniform,ZORP,7,15,0,1,0
41292,validated_uniform,ZORP,7,15,1,0,0
41292,validated_uniform,ZORP,7,15,2,3,0
41292,validated_uniform,ZORP,7,15,3,1,0
41292,validated_uniform,ZORP,6,6,0,3,0
41292,validated_uniform,ZORP,6,6,1,3,0
41292,validated_uniform,ZORP,6,6,2,3,0
41292,validated_uniform,ZORP,6,6,3,2,1
41292,validated_uniform,ZORP,14,13,0,2,0
41292,validated_uniform,ZORP,14,13,1,2,0
41292,validated_uniform,ZORP,14,13,2,2,0
41292,validated_uniform,ZORP,14,13,3,0,0
41292,validated_uniform,ZORP,6,13,0,2,0
41292,validated_uniform,ZORP,6,13,1,1,1
41292,validated_uniform,ZORP,6,8,0,1,0
41292,validated_uniform,ZORP,6,8,1,3,0
41292,validated_uniform,ZORP,6,8,2,3,0
41292,validated_uniform,ZORP,6,8,3,3,0
41292,validated_uniform,ZORP,2,6,0,1,0
41292,validated_uniform,ZORP,2,6,1,1,0
41292,validated_uniform,ZORP,2,6,2,0,0
41292,validated_uniform,ZORP,2,6,3,1,0
41292,validated_uniform,ZORP,14,6,0,0,0
41292,validated_uniform,ZORP,14,6,1,2,1
41292,validated_uniform,ZORP,3,12,0,2,0
41292,validated_uniform,ZORP,3,12,1,0,0
41292,validated_uniform,ZORP,3,12,2,0,0
41292,validated_uniform,ZORP,3,12,3,1,0
41292,validated_uniform,ZORP,12,3,0,2,0
41292,validated_uniform,ZORP,12,3,1,3,0
41292,validated_uniform,ZORP,12,3,2,3,0
41292,validated_uniform,ZORP,12,3,3,3,0
41292,validated_uniform,ZORP,4,11,0,2,0
41292,validated_uniform,ZORP,4,11,1,2,0
41292,validated_uniform,ZORP,4,11,2,2,0
41292,validated_uniform,ZORP,4,11,3,0,0
41292,validated_uniform,ZORP,10,5,0,3,0
41292,validated_uniform,ZORP,10,5,1,1,1
41292,validated_uniform,ZORP,2,9,0,2,0
41292,validated_uniform,ZORP,2,9,1,1,1
41292,validated_uniform,ZORP,4,14,0,0,1
41292,validated_uniform,ZORP,7,9,0,2,0
41292,validated_uniform,ZORP,7,9,1,2,0
41292,validated_uniform,ZORP,7,9,2,1,0
41292,validated_uniform,ZORP,7,9,3,1,0
41292,validated_uniform,ZORP,15,5,0,1,0
41292,validated_uniform,ZORP,15,5,1,3,0
41292,validated_uniform,ZORP,15,5,2,2,0
41292,validated_uniform,ZORP,15,5,3,2,0
41292,validated_uniform,ZORP,8,14,0,1,0
41292,validated_uniform,ZORP,8,14,1,0,1
41292,validated_uniform,ZORP,12,0,0,2,1
41292,validated_uniform,ZORP,4,12,0,3,0
41292,validated_uniform,ZORP,4,12,1,1,0
41292,validated_uniform,ZORP,4,12,2,2,1
41292,validated_uniform,ZORP,11,0,0,3,1
41292,validated_uniform,ZORP,0,15,0,1,1
41292,validated_uniform,ZORP,8,3,0,3,0
41292,validated_uniform,ZORP,8,3,1,0,0
41292,validated_uniform,ZORP,8,3,2,2,0
41292,validated_uniform,ZORP,8,3,3,3,0
41292,validated_uniform,ZORP,0,11,0,2,0
41292,validated_uniform,ZORP,0,11,1,2,0
41292,validated_uniform,ZORP,0,11,2,1,1
41292,validated_uniform,ZORP,3,13,0,2,0
41292,validated_uniform,ZORP,3,13,1,2,0
41292,validated_uniform,ZORP,3,13,2,2,0
41292,validated_uniform,ZORP,3,13,3,3,0
41292,validated_uniform,ZORP,3,15,0,1,0
41292,validated_uniform,ZORP,3,15,1,3,0
41292,validated_uniform,ZORP,3,15,2,3,0
41292,validated_uniform,ZORP,3,15,3,2,1
41292,validated_uniform,ZORP,14,14,0,1,0
41292,validated_uniform,ZORP,14,14,1,1,0
41292,validated_uniform,ZORP,14,14,2,3,0
41292,validated_uniform,ZORP,14,14,3,3,0
41292,validated_uniform,ZORP,3,0,0,1,0
41292,validated_uniform,ZORP,3,0,1,3,1
41292,validated_uniform,ZORP,4,10,0,1,0
41292,validated_uniform,ZORP,4,10,1,0,1
41292,validated_uniform,ZORP,0,6,0,0,1
41292,validated_uniform,ZORP,0,5,0,1,0
41292,validated_uniform,ZORP,0,5,1,2,0
41292,validated_uniform,ZORP,0,5,2,3,1
41292,validated_hard,ZORP,10,1,0,0,0
41292,validated_hard,ZORP,10,1,1,3,0
41292,validated_hard,ZORP,10,1,2,3,0
41292,validated_hard,ZORP,10,1,3,0,0
41292,validated_hard,ZORP,10,15,0,0,0
41292,validated_hard,ZORP,10,15,1,3,1
41292,validated_hard,ZORP,10,13,0,2,0
41292,validated_hard,ZORP,10,13,1,0,0
41292,validated_hard,ZORP,10,13,2,3,0
41292,validated_hard,ZORP,10,13,3,1,1
41292,validated_hard,ZORP,10,0,0,0,1
41292,validated_hard,ZORP,1,10,0,2,0
41292,validated_hard,ZORP,1,10,1,2,0
41292,validated_hard,ZORP,1,10,2,0,0
41292,validated_hard,ZORP,1,10,3,3,1
41292,validated_hard,ZORP,10,9,0,0,0
41292,validated_hard,ZORP,10,9,1,3,0
41292,validated_hard,ZORP,10,9,2,0,0
41292,validated_hard,ZORP,10,9,3,0,0
41292,validated_hard,ZORP,15,10,0,2,0
41292,validated_hard,ZORP,15,10,1,0,0
41292,validated_hard,ZORP,15,10,2,3,0
41292,validated_hard,ZORP,15,10,3,1,1
41292,validated_hard,ZORP,11,10,0,1,1
41292,validated_hard,ZORP,10,5,0,3,0
41292,validated_hard,ZORP,10,5,1,1,1
41292,validated_hard,ZORP,13,10,0,0,0
41292,validated_hard,ZORP,13,10,1,3,1
41292,validated_hard,ZORP,0,11,0,3,0
41292,validated_hard,ZORP,0,11,1,3,0
41292,validated_hard,ZORP,0,11,2,1,1
41292,validated_hard,ZORP,11,0,0,2,0
41292,validated_hard,ZORP,11,0,1,0,0
41292,validated_hard,ZORP,11,0,2,1,0
41292,validated_hard,ZORP,11,0,3,2,0
41292,validated_hard,ZORP,15,11,0,1,0
41292,validated_hard,ZORP,15,11,1,1,0
41292,validated_hard,ZORP,15,11,2,3,0
41292,validated_hard,ZORP,15,11,3,0,0
41292,validated_hard,ZORP,5,10,0,0,0
41292,validated_hard,ZORP,5,10,1,0,0
41292,validated_hard,ZORP,5,10,2,0,0
41292,validated_hard,ZORP,5,10,3,0,0
41292,validated_hard,ZORP,11,1,0,3,0
41292,validated_hard,ZORP,11,1,1,1,0
41292,validated_hard,ZORP,11,1,2,0,1
41292,validated_hard,ZORP,0,15,0,2,0
41292,validated_hard,ZORP,0,15,1,1,1
41292,validated_hard,ZORP,0,9,0,2,0
41292,validated_hard,ZORP,0,9,1,1,0
41292,validated_hard,ZORP,0,9,2,0,0
41292,validated_hard,ZORP,0,9,3,2,0
41292,validated_hard,ZORP,0,13,0,1,0
41292,validated_hard,ZORP,0,13,1,2,0
41292,validated_hard,ZORP,0,13,2,1,0
41292,validated_hard,ZORP,0,13,3,1,0
41292,validated_hard,ZORP,0,5,0,0,0
41292,validated_hard,ZORP,0,5,1,1,0
41292,validated_hard,ZORP,0,5,2,0,0
41292,validated_hard,ZORP,0,5,3,1,0
41292,validated_hard,ZORP,0,12,0,2,1
41292,validated_hard,ZORP,3,10,0,1,1
41292,validated_hard,ZORP,9,0,0,3,0
41292,validated_hard,ZORP,9,0,1,1,1
41292,validated_hard,ZORP,12,0,0,2,1
41292,validated_hard,ZORP,11,13,0,3,0
41292,validated_hard,ZORP,11,13,1,0,1
41292,validated_hard,ZORP,15,0,0,0,0
41292,validated_hard,ZORP,15,0,1,0,0
41292,validated_hard,ZORP,15,0,2,1,0
41292,validated_hard,ZORP,15,0,3,1,0
41292,validated_hard,ZORP,8,0,0,2,1
41292,validated_hard,ZORP,1,13,0,2,1
41292,validated_hard,ZORP,13,13,0,3,0
41292,validated_hard,ZORP,13,13,1,1,0
41292,validated_hard,ZORP,13,13,2,3,0
41292,validated_hard,ZORP,13,13,3,0,0
41292,validated_hard,ZORP,2,10,0,3,0
41292,validated_hard,ZORP,2,10,1,0,0
41292,validated_hard,ZORP,2,10,2,3,0
41292,validated_hard,ZORP,2,10,3,2,1
41292,validated_hard,ZORP,10,6,0,2,1
41292,validated_hard,ZORP,13,12,0,3,0
41292,validated_hard,ZORP,13,12,1,0,0
41292,validated_hard,ZORP,13,12,2,0,0
41292,validated_hard,ZORP,13,12,3,2,0
41292,validated_hard,ZORP,11,2,0,3,0
41292,validated_hard,ZORP,11,2,1,3,0
41292,validated_hard,ZORP,11,2,2,0,0
41292,validated_hard,ZORP,11,2,3,2,0
41292,validated_hard,ZORP,3,0,0,3,1
41292,validated_hard,ZORP,8,12,0,0,0
41292,validated_hard,ZORP,8,12,1,0,0
41292,validated_hard,ZORP,8,12,2,0,0
41292,validated_hard,ZORP,8,12,3,1,0
41292,validated_hard,ZORP,8,1,0,2,0
41292,validated_hard,ZORP,8,1,1,1,0
41292,validated_hard,ZORP,8,1,2,0,0
41292,validated_hard,ZORP,8,1,3,2,0
41292,validated_hard,ZORP,5,5,0,0,0
41292,validated_hard,ZORP,5,5,1,3,0
41292,validated_hard,ZORP,5,5,2,0,0
41292,validated_hard,ZORP,5,5,3,2,1
41292,validated_hard,ZORP,5,9,0,3,0
41292,validated_hard,ZORP,5,9,1,1,0
41292,validated_hard,ZORP,5,9,2,1,0
41292,validated_hard,ZORP,5,9,3,0,0
41292,validated_hard,ZORP,0,4,0,0,0
41292,validated_hard,ZORP,0,4,1,1,0
41292,validated_hard,ZORP,0,4,2,0,0
41292,validated_hard,ZORP,0,4,3,3,0
41292,validated_hard,ZORP,15,5,0,2,0
41292,validated_hard,ZORP,15,5,1,2,0
41292,validated_hard,ZORP,15,5,2,3,0
41292,validated_hard,ZORP,15,5,3,3,0
41292,validated_hard,ZORP,15,2,0,2,0
41292,validated_hard,ZORP,15,2,1,0,0
41292,validated_hard,ZORP,15,2,2,2,0
41292,validated_hard,ZORP,15,2,3,1,1
41292,validated_hard,ZORP,15,3,0,2,1
41292,validated_hard,ZORP,13,5,0,3,0
41292,validated_hard,ZORP,13,5,1,2,1
41292,validated_hard,ZORP,13,2,0,2,0
41292,validated_hard,ZORP,13,2,1,2,0
41292,validated_hard,ZORP,13,2,2,1,0
41292,validated_hard,ZORP,13,2,3,1,0
41292,validated_hard,ZORP,13,3,0,3,0
41292,validated_hard,ZORP,13,3,1,3,0
41292,validated_hard,ZORP,13,3,2,2,0
41292,validated_hard,ZORP,13,3,3,2,0
41292,validated_hard,ZORP,3,13,0,0,1
41292,validated_hard,ZORP,1,14,0,2,0
41292,validated_hard,ZORP,1,14,1,0,0
41292,validated_hard,ZORP,1,14,2,1,0
41292,validated_hard,ZORP,1,14,3,2,0
41292,validated_hard,ZORP,3,12,0,1,0
41292,validated_hard,ZORP,3,12,1,0,0
41292,validated_hard,ZORP,3,12,2,0,0
41292,validated_hard,ZORP,3,12,3,1,0
41292,validated_hard,ZORP,3,15,0,0,0
41292,validated_hard,ZORP,3,15,1,3,0
41292,validated_hard,ZORP,3,15,2,2,1
41292,validated_dream,ZORP,10,1,0,0,0
41292,validated_dream,ZORP,10,1,1,1,1
41292,validated_dream,ZORP,10,0,0,3,0
41292,validated_dream,ZORP,10,0,1,3,0
41292,validated_dream,ZORP,10,0,2,3,0
41292,validated_dream,ZORP,10,0,3,3,0
41292,validated_dream,ZORP,1,10,0,3,1
41292,validated_dream,ZORP,10,5,0,2,0
41292,validated_dream,ZORP,10,5,1,1,1
41292,validated_dream,ZORP,0,11,0,2,0
41292,validated_dream,ZORP,0,11,1,2,0
41292,validated_dream,ZORP,0,11,2,3,0
41292,validated_dream,ZORP,0,11,3,1,1
41292,validated_dream,ZORP,11,0,0,0,0
41292,validated_dream,ZORP,11,0,1,3,1
41292,validated_dream,ZORP,5,10,0,1,0
41292,validated_dream,ZORP,5,10,1,1,0
41292,validated_dream,ZORP,5,10,2,3,1
41292,validated_dream,ZORP,11,1,0,0,1
41292,validated_dream,ZORP,0,15,0,0,0
41292,validated_dream,ZORP,0,15,1,2,0
41292,validated_dream,ZORP,0,15,2,0,0
41292,validated_dream,ZORP,0,15,3,1,1
41292,validated_dream,ZORP,0,9,0,3,1
41292,validated_dream,ZORP,0,13,0,3,1
41292,validated_dream,ZORP,0,12,0,0,0
41292,validated_dream,ZORP,0,12,1,1,0
41292,validated_dream,ZORP,0,12,2,3,0
41292,validated_dream,ZORP,0,12,3,3,0
41292,validated_dream,ZORP,3,10,0,3,0
41292,validated_dream,ZORP,3,10,1,3,0
41292,validated_dream,ZORP,3,10,2,1,1
41292,validated_dream,ZORP,9,0,0,2,0
41292,validated_dream,ZORP,9,0,1,3,0
41292,validated_dream,ZORP,9,0,2,1,1
41292,validated_dream,ZORP,12,0,0,1,0
41292,validated_dream,ZORP,12,0,1,1,0
41292,validated_dream,ZORP,12,0,2,1,0
41292,validated_dream,ZORP,12,0,3,3,0
41292,validated_dream,ZORP,15,0,0,1,0
41292,validated_dream,ZORP,15,0,1,3,1
41292,validated_dream,ZORP,8,0,0,3,0
41292,validated_dream,ZORP,8,0,1,1,0
41292,validated_dream,ZORP,8,0,2,0,0
41292,validated_dream,ZORP,8,0,3,1,0
41292,validated_dream,ZORP,1,13,0,0,0
41292,validated_dream,ZORP,1,13,1,2,1
41292,validated_dream,ZORP,2,10,0,0,0
41292,validated_dream,ZORP,2,10,1,3,0
41292,validated_dream,ZORP,2,10,2,1,0
41292,validated_dream,ZORP,2,10,3,2,1
41292,validated_dream,ZORP,10,6,0,1,0
41292,validated_dream,ZORP,10,6,1,3,0
41292,validated_dream,ZORP,10,6,2,1,0
41292,validated_dream,ZORP,10,6,3,2,1
41292,validated_dream,ZORP,11,2,0,3,0
41292,validated_dream,ZORP,11,2,1,1,1
41292,validated_dream,ZORP,8,1,0,1,0
41292,validated_dream,ZORP,8,1,1,0,0
41292,validated_dream,ZORP,8,1,2,3,1
41292,validated_dream,ZORP,5,9,0,1,0
41292,validated_dream,ZORP,5,9,1,1,0
41292,validated_dream,ZORP,5,9,2,1,0
41292,validated_dream,ZORP,5,9,3,3,0
41292,validated_dream,ZORP,15,5,0,1,0
41292,validated_dream,ZORP,15,5,1,2,0
41292,validated_dream,ZORP,15,5,2,0,1
41292,validated_dream,ZORP,15,2,0,3,0
41292,validated_dream,ZORP,15,2,1,3,0
41292,validated_dream,ZORP,15,2,2,2,0
41292,validated_dream,ZORP,15,2,3,0,0
41292,validated_dream,ZORP,15,3,0,3,0
41292,validated_dream,ZORP,15,3,1,3,0
41292,validated_dream,ZORP,15,3,2,0,0
41292,validated_dream,ZORP,15,3,3,3,0
41292,validated_dream,ZORP,13,5,0,0,0
41292,validated_dream,ZORP,13,5,1,3,0
41292,validated_dream,ZORP,13,5,2,1,0
41292,validated_dream,ZORP,13,5,3,3,0
41292,validated_dream,ZORP,13,2,0,3,1
41292,validated_dream,ZORP,13,3,0,1,0
41292,validated_dream,ZORP,13,3,1,3,0
41292,validated_dream,ZORP,13,3,2,3,0
41292,validated_dream,ZORP,13,3,3,1,0
41292,validated_dream,ZORP,3,13,0,2,0
41292,validated_dream,ZORP,3,13,1,0,1
41292,validated_dream,ZORP,1,14,0,3,1
41292,validated_dream,ZORP,3,12,0,0,0
41292,validated_dream,ZORP,3,12,1,3,1
41292,validated_dream,ZORP,3,15,0,3,0
41292,validated_dream,ZORP,3,15,1,0,0
41292,validated_dream,ZORP,3,15,2,3,0
41292,validated_dream,ZORP,3,15,3,1,0
41292,validated_dream,ZORP,9,5,0,3,0
41292,validated_dream,ZORP,9,5,1,1,0
41292,validated_dream,ZORP,9,5,2,1,0
41292,validated_dream,ZORP,9,5,3,2,1
41292,validated_dream,ZORP,5,8,0,3,0
41292,validated_dream,ZORP,5,8,1,3,0
41292,validated_dream,ZORP,5,8,2,2,0
41292,validated_dream,ZORP,5,8,3,3,0
41292,validated_dream,ZORP,2,11,0,3,1
41292,validated_dream,ZORP,8,3,0,1,1
41292,validated_dream,ZORP,4,10,0,1,0
41292,validated_dream,ZORP,4,10,1,3,0
41292,validated_dream,ZORP,4,10,2,0,1
41292,validated_dream,ZORP,3,9,0,2,0
41292,validated_dream,ZORP,3,9,1,0,1
41292,validated_dream,ZORP,12,3,0,2,0
41292,validated_dream,ZORP,12,3,1,1,1
41292,validated_dream,ZORP,2,12,0,1,0
41292,validated_dream,ZORP,2,12,1,1,0
41292,validated_dream,ZORP,2,12,2,2,0
41292,validated_dream,ZORP,2,12,3,1,0
41292,validated_dream,ZORP,6,10,0,0,0
41292,validated_dream,ZORP,6,10,1,3,0
41292,validated_dream,ZORP,6,10,2,1,0
41292,validated_dream,ZORP,6,10,3,0,0
41292,validated_dream,ZORP,8,2,0,2,0
41292,validated_dream,ZORP,8,2,1,3,0
41292,validated_dream,ZORP,8,2,2,1,0
41292,validated_dream,ZORP,8,2,3,2,0
41292,validated_dream,ZORP,4,11,0,2,0
41292,validated_dream,ZORP,4,11,1,1,1
41292,validated_dream,ZORP,11,7,0,2,1
41292,validated_dream,ZORP,2,9,0,1,1
41292,validated_dream,ZORP,2,14,0,2,1
41292,validated_dream,ZORP,4,12,0,2,1
41292,validated_hard_anchor,ZORP,10,1,0,3,0
41292,validated_hard_anchor,ZORP,10,1,1,1,1
41292,validated_hard_anchor,ZORP,10,15,0,0,0
41292,validated_hard_anchor,ZORP,10,15,1,0,0
41292,validated_hard_anchor,ZORP,10,15,2,0,0
41292,validated_hard_anchor,ZORP,10,15,3,3,1
41292,validated_hard_anchor,ZORP,10,13,0,2,0
41292,validated_hard_anchor,ZORP,10,13,1,0,0
41292,validated_hard_anchor,ZORP,10,13,2,1,1
41292,validated_hard_anchor,ZORP,10,0,0,2,0
41292,validated_hard_anchor,ZORP,10,0,1,1,0
41292,validated_hard_anchor,ZORP,10,0,2,0,1
41292,validated_hard_anchor,ZORP,1,10,0,3,1
41292,validated_hard_anchor,ZORP,10,9,0,3,0
41292,validated_hard_anchor,ZORP,10,9,1,3,0
41292,validated_hard_anchor,ZORP,10,9,2,0,0
41292,validated_hard_anchor,ZORP,10,9,3,0,0
41292,validated_hard_anchor,ZORP,15,10,0,0,0
41292,validated_hard_anchor,ZORP,15,10,1,0,0
41292,validated_hard_anchor,ZORP,15,10,2,3,0
41292,validated_hard_anchor,ZORP,15,10,3,1,1
41292,validated_hard_anchor,ZORP,11,10,0,3,0
41292,validated_hard_anchor,ZORP,11,10,1,3,0
41292,validated_hard_anchor,ZORP,11,10,2,3,0
41292,validated_hard_anchor,ZORP,11,10,3,3,0
41292,validated_hard_anchor,ZORP,10,5,0,3,0
41292,validated_hard_anchor,ZORP,10,5,1,0,0
41292,validated_hard_anchor,ZORP,10,5,2,1,1
41292,validated_hard_anchor,ZORP,13,10,0,3,1
41292,validated_hard_anchor,ZORP,0,11,0,3,0
41292,validated_hard_anchor,ZORP,0,11,1,3,0
41292,validated_hard_anchor,ZORP,0,11,2,2,0
41292,validated_hard_anchor,ZORP,0,11,3,3,0
41292,validated_hard_anchor,ZORP,11,0,0,1,0
41292,validated_hard_anchor,ZORP,11,0,1,3,1
41292,validated_hard_anchor,ZORP,15,11,0,3,0
41292,validated_hard_anchor,ZORP,15,11,1,2,1
41292,validated_hard_anchor,ZORP,5,10,0,0,0
41292,validated_hard_anchor,ZORP,5,10,1,0,0
41292,validated_hard_anchor,ZORP,5,10,2,2,0
41292,validated_hard_anchor,ZORP,5,10,3,3,1
41292,validated_hard_anchor,ZORP,11,1,0,3,0
41292,validated_hard_anchor,ZORP,11,1,1,2,0
41292,validated_hard_anchor,ZORP,11,1,2,2,0
41292,validated_hard_anchor,ZORP,11,1,3,3,0
41292,validated_hard_anchor,ZORP,0,15,0,3,0
41292,validated_hard_anchor,ZORP,0,15,1,3,0
41292,validated_hard_anchor,ZORP,0,15,2,1,1
41292,validated_hard_anchor,ZORP,0,9,0,1,0
41292,validated_hard_anchor,ZORP,0,9,1,2,0
41292,validated_hard_anchor,ZORP,0,9,2,2,0
41292,validated_hard_anchor,ZORP,0,9,3,2,0
41292,validated_hard_anchor,ZORP,0,13,0,2,0
41292,validated_hard_anchor,ZORP,0,13,1,2,0
41292,validated_hard_anchor,ZORP,0,13,2,3,1
41292,validated_hard_anchor,ZORP,0,5,0,3,1
41292,validated_hard_anchor,ZORP,0,12,0,1,0
41292,validated_hard_anchor,ZORP,0,12,1,0,0
41292,validated_hard_anchor,ZORP,0,12,2,3,0
41292,validated_hard_anchor,ZORP,0,12,3,3,0
41292,validated_hard_anchor,ZORP,3,10,0,2,0
41292,validated_hard_anchor,ZORP,3,10,1,1,1
41292,validated_hard_anchor,ZORP,9,0,0,3,0
41292,validated_hard_anchor,ZORP,9,0,1,2,0
41292,validated_hard_anchor,ZORP,9,0,2,1,1
41292,validated_hard_anchor,ZORP,12,0,0,1,0
41292,validated_hard_anchor,ZORP,12,0,1,1,0
41292,validated_hard_anchor,ZORP,12,0,2,2,1
41292,validated_hard_anchor,ZORP,11,13,0,0,1
41292,validated_hard_anchor,ZORP,15,0,0,0,0
41292,validated_hard_anchor,ZORP,15,0,1,3,1
41292,validated_hard_anchor,ZORP,8,0,0,0,0
41292,validated_hard_anchor,ZORP,8,0,1,3,0
41292,validated_hard_anchor,ZORP,8,0,2,1,0
41292,validated_hard_anchor,ZORP,8,0,3,0,0
41292,validated_hard_anchor,ZORP,1,13,0,3,0
41292,validated_hard_anchor,ZORP,1,13,1,3,0
41292,validated_hard_anchor,ZORP,1,13,2,1,0
41292,validated_hard_anchor,ZORP,1,13,3,0,0
41292,validated_hard_anchor,ZORP,13,13,0,3,0
41292,validated_hard_anchor,ZORP,13,13,1,0,0
41292,validated_hard_anchor,ZORP,13,13,2,0,0
41292,validated_hard_anchor,ZORP,13,13,3,1,0
41292,validated_hard_anchor,ZORP,2,10,0,1,0
41292,validated_hard_anchor,ZORP,2,10,1,1,0
41292,validated_hard_anchor,ZORP,2,10,2,1,0
41292,validated_hard_anchor,ZORP,2,10,3,1,0
41292,validated_hard_anchor,ZORP,10,6,0,1,0
41292,validated_hard_anchor,ZORP,10,6,1,0,0
41292,validated_hard_anchor,ZORP,10,6,2,3,0
41292,validated_hard_anchor,ZORP,10,6,3,1,0
41292,validated_hard_anchor,ZORP,13,12,0,2,0
41292,validated_hard_anchor,ZORP,13,12,1,1,1
41292,validated_hard_anchor,ZORP,11,2,0,3,0
41292,validated_hard_anchor,ZORP,11,2,1,0,0
41292,validated_hard_anchor,ZORP,11,2,2,2,0
41292,validated_hard_anchor,ZORP,11,2,3,2,0
41292,validated_hard_anchor,ZORP,3,0,0,1,0
41292,validated_hard_anchor,ZORP,3,0,1,3,1
41292,validated_hard_anchor,ZORP,8,12,0,3,0
41292,validated_hard_anchor,ZORP,8,12,1,3,0
41292,validated_hard_anchor,ZORP,8,12,2,0,0
41292,validated_hard_anchor,ZORP,8,12,3,1,0
41292,validated_hard_anchor,ZORP,8,1,0,2,0
41292,validated_hard_anchor,ZORP,8,1,1,3,1
41292,validated_hard_anchor,ZORP,5,5,0,3,0
41292,validated_hard_anchor,ZORP,5,5,1,1,0
41292,validated_hard_anchor,ZORP,5,5,2,2,1
41292,validated_hard_anchor,ZORP,5,9,0,1,0
41292,validated_hard_anchor,ZORP,5,9,1,3,0
41292,validated_hard_anchor,ZORP,5,9,2,0,0
41292,validated_hard_anchor,ZORP,5,9,3,3,0
41292,validated_hard_anchor,ZORP,0,4,0,2,1
41292,validated_hard_anchor,ZORP,15,5,0,3,0
41292,validated_hard_anchor,ZORP,15,5,1,2,0
41292,validated_hard_anchor,ZORP,15,5,2,2,0
41292,validated_hard_anchor,ZORP,15,5,3,3,0
41292,validated_hard_anchor,ZORP,15,2,0,2,0
41292,validated_hard_anchor,ZORP,15,2,1,3,0
41292,validated_hard_anchor,ZORP,15,2,2,0,0
41292,validated_hard_anchor,ZORP,15,2,3,1,1
41292,validated_hard_anchor,ZORP,15,3,0,3,0
41292,validated_hard_anchor,ZORP,15,3,1,3,0
41292,validated_hard_anchor,ZORP,15,3,2,3,0
41292,validated_hard_anchor,ZORP,15,3,3,3,0
41292,validated_hard_anchor,ZORP,13,5,0,3,0
41292,validated_hard_anchor,ZORP,13,5,1,3,0
41292,validated_hard_anchor,ZORP,13,5,2,0,0
41292,validated_hard_anchor,ZORP,13,5,3,2,1
41292,validated_hard_anchor,ZORP,13,2,0,3,1
41292,validated_hard_anchor,ZORP,13,3,0,1,0
41292,validated_hard_anchor,ZORP,13,3,1,3,0
41292,validated_hard_anchor,ZORP,13,3,2,2,0
41292,validated_hard_anchor,ZORP,13,3,3,1,0
41292,validated_hard_anchor,ZORP,3,13,0,1,0
41292,validated_hard_anchor,ZORP,3,13,1,3,0
41292,validated_hard_anchor,ZORP,3,13,2,1,0
41292,validated_hard_anchor,ZORP,3,13,3,2,0
41292,validated_hard_anchor,ZORP,1,14,0,3,1
41292,validated_hard_anchor,ZORP,3,12,0,3,1
41292,validated_hard_anchor,ZORP,3,15,0,3,0
41292,validated_hard_anchor,ZORP,3,15,1,0,0
41292,validated_hard_anchor,ZORP,3,15,2,1,0
41292,validated_hard_anchor,ZORP,3,15,3,1,0
41389,validated_uniform,ZORP,4,13,0,2,0
41389,validated_uniform,ZORP,4,13,1,2,0
41389,validated_uniform,ZORP,4,13,2,0,1
41389,validated_uniform,ZORP,14,7,0,0,1
41389,validated_uniform,ZORP,7,4,0,2,0
41389,validated_uniform,ZORP,7,4,1,3,0
41389,validated_uniform,ZORP,7,4,2,3,0
41389,validated_uniform,ZORP,7,4,3,3,0
41389,validated_uniform,ZORP,15,13,0,2,0
41389,validated_uniform,ZORP,15,13,1,1,0
41389,validated_uniform,ZORP,15,13,2,1,0
41389,validated_uniform,ZORP,15,13,3,0,0
41389,validated_uniform,ZORP,9,12,0,2,1
41389,validated_uniform,ZORP,0,8,0,0,0
41389,validated_uniform,ZORP,0,8,1,2,0
41389,validated_uniform,ZORP,0,8,2,0,0
41389,validated_uniform,ZORP,0,8,3,2,0
41389,validated_uniform,ZORP,6,10,0,2,0
41389,validated_uniform,ZORP,6,10,1,2,0
41389,validated_uniform,ZORP,6,10,2,2,0
41389,validated_uniform,ZORP,6,10,3,2,0
41389,validated_uniform,ZORP,5,7,0,3,1
41389,validated_uniform,ZORP,15,9,0,3,1
41389,validated_uniform,ZORP,6,6,0,3,0
41389,validated_uniform,ZORP,6,6,1,1,1
41389,validated_uniform,ZORP,9,8,0,1,0
41389,validated_uniform,ZORP,9,8,1,1,0
41389,validated_uniform,ZORP,9,8,2,2,1
41389,validated_uniform,ZORP,6,9,0,3,0
41389,validated_uniform,ZORP,6,9,1,1,0
41389,validated_uniform,ZORP,6,9,2,0,0
41389,validated_uniform,ZORP,6,9,3,1,0
41389,validated_uniform,ZORP,12,15,0,0,0
41389,validated_uniform,ZORP,12,15,1,1,0
41389,validated_uniform,ZORP,12,15,2,1,0
41389,validated_uniform,ZORP,12,15,3,2,1
41389,validated_uniform,ZORP,9,15,0,2,0
41389,validated_uniform,ZORP,9,15,1,0,0
41389,validated_uniform,ZORP,9,15,2,1,0
41389,validated_uniform,ZORP,9,15,3,2,0
41389,validated_uniform,ZORP,0,15,0,2,1
41389,validated_uniform,ZORP,3,13,0,3,1
41389,validated_uniform,ZORP,7,9,0,1,0
41389,validated_uniform,ZORP,7,9,1,3,1
41389,validated_uniform,ZORP,9,11,0,0,0
41389,validated_uniform,ZORP,9,11,1,2,0
41389,validated_uniform,ZORP,9,11,2,1,0
41389,validated_uniform,ZORP,9,11,3,0,0
41389,validated_uniform,ZORP,11,0,0,0,1
41389,validated_uniform,ZORP,12,6,0,0,0
41389,validated_uniform,ZORP,12,6,1,0,0
41389,validated_uniform,ZORP,12,6,2,0,0
41389,validated_uniform,ZORP,12,6,3,2,0
41389,validated_uniform,ZORP,2,12,0,2,0
41389,validated_uniform,ZORP,2,12,1,2,0
41389,validated_uniform,ZORP,2,12,2,1,0
41389,validated_uniform,ZORP,2,12,3,2,0
41389,validated_uniform,ZORP,13,4,0,0,0
41389,validated_uniform,ZORP,13,4,1,3,0
41389,validated_uniform,ZORP,13,4,2,2,1
41389,validated_uniform,ZORP,11,5,0,0,0
41389,validated_uniform,ZORP,11,5,1,1,0
41389,validated_uniform,ZORP,11,5,2,0,0
41389,validated_uniform,ZORP,11,5,3,1,0
41389,validated_uniform,ZORP,10,12,0,1,0
41389,validated_uniform,ZORP,10,12,1,1,0
41389,validated_uniform,ZORP,10,12,2,1,0
41389,validated_uniform,ZORP,10,12,3,1,0
41389,validated_uniform,ZORP,13,15,0,0,0
41389,validated_uniform,ZORP,13,15,1,0,0
41389,validated_uniform,ZORP,13,15,2,2,0
41389,validated_uniform,ZORP,13,15,3,0,0
41389,validated_uniform,ZORP,9,5,0,1,1
41389,validated_uniform,ZORP,15,0,0,3,0
41389,validated_uniform,ZORP,15,0,1,2,0
41389,validated_uniform,ZORP,15,0,2,2,0
41389,validated_uniform,ZORP,15,0,3,0,1
41389,validated_uniform,ZORP,10,3,0,0,1
41389,validated_uniform,ZORP,6,12,0,3,1
41389,validated_uniform,ZORP,2,14,0,0,0
41389,validated_uniform,ZORP,2,14,1,2,0
41389,validated_uniform,ZORP,2,14,2,0,0
41389,validated_uniform,ZORP,2,14,3,1,1
41389,validated_uniform,ZORP,8,1,0,2,0
41389,validated_uniform,ZORP,8,1,1,3,0
41389,validated_uniform,ZORP,8,1,2,1,0
41389,validated_uniform,ZORP,8,1,3,0,1
41389,validated_uniform,ZORP,12,10,0,0,0
41389,validated_uniform,ZORP,12,10,1,1,0
41389,validated_uniform,ZORP,12,10,2,3,1
41389,validated_uniform,ZORP,13,2,0,3,0
41389,validated_uniform,ZORP,13,2,1,1,0
41389,validated_uniform,ZORP,13,2,2,2,0
41389,validated_uniform,ZORP,13,2,3,0,1
41389,validated_uniform,ZORP,1,0,0,2,1
41389,validated_uniform,ZORP,6,5,0,0,0
41389,validated_uniform,ZORP,6,5,1,0,0
41389,validated_uniform,ZORP,6,5,2,0,0
41389,validated_uniform,ZORP,6,5,3,3,0
41389,validated_uniform,ZORP,13,9,0,1,1
41389,validated_uniform,ZORP,14,5,0,3,0
41389,validated_uniform,ZORP,14,5,1,0,0
41389,validated_uniform,ZORP,14,5,2,3,0
41389,validated_uniform,ZORP,14,5,3,2,1
41389,validated_uniform,ZORP,13,7,0,2,0
41389,validated_uniform,ZORP,13,7,1,3,1
41389,validated_uniform,ZORP,10,6,0,3,0
41389,validated_uniform,ZORP,10,6,1,1,1
41389,validated_uniform,ZORP,0,6,0,3,1
41389,validated_uniform,ZORP,13,6,0,1,0
41389,validated_uniform,ZORP,13,6,1,3,0
41389,validated_uniform,ZORP,13,6,2,0,1
41389,validated_uniform,ZORP,11,7,0,0,0
41389,validated_uniform,ZORP,11,7,1,1,1
41389,validated_uniform,ZORP,2,6,0,1,1
41389,validated_uniform,ZORP,13,5,0,3,0
41389,validated_uniform,ZORP,13,5,1,3,0
41389,validated_uniform,ZORP,13,5,2,1,1
41389,validated_uniform,ZORP,8,7,0,3,0
41389,validated_uniform,ZORP,8,7,1,0,0
41389,validated_uniform,ZORP,8,7,2,0,0
41389,validated_uniform,ZORP,8,7,3,0,0
41389,validated_uniform,ZORP,1,13,0,2,0
41389,validated_uniform,ZORP,1,13,1,1,1
41389,validated_uniform,ZORP,8,2,0,0,0
41389,validated_uniform,ZORP,8,2,1,1,0
41389,validated_uniform,ZORP,8,2,2,2,0
41389,validated_uniform,ZORP,8,2,3,1,0
41389,validated_uniform,ZORP,14,3,0,0,1
41389,validated_hard,ZORP,7,4,0,1,0
41389,validated_hard,ZORP,7,4,1,0,1
41389,validated_hard,ZORP,4,7,0,1,0
41389,validated_hard,ZORP,4,7,1,0,0
41389,validated_hard,ZORP,4,7,2,2,1
41389,validated_hard,ZORP,7,15,0,0,0
41389,validated_hard,ZORP,7,15,1,0,0
41389,validated_hard,ZORP,7,15,2,1,1
41389,validated_hard,ZORP,7,9,0,0,0
41389,validated_hard,ZORP,7,9,1,0,0
41389,validated_hard,ZORP,7,9,2,3,1
41389,validated_hard,ZORP,7,11,0,1,1
41389,validated_hard,ZORP,5,7,0,3,1
41389,validated_hard,ZORP,8,7,0,3,0
41389,validated_hard,ZORP,8,7,1,2,1
41389,validated_hard,ZORP,4,14,0,3,1
41389,validated_hard,ZORP,4,13,0,0,1
41389,validated_hard,ZORP,14,7,0,1,0
41389,validated_hard,ZORP,14,7,1,1,0
41389,validated_hard,ZORP,14,7,2,1,0
41389,validated_hard,ZORP,14,7,3,0,1
41389,validated_hard,ZORP,9,7,0,1,0
41389,validated_hard,ZORP,9,7,1,0,0
41389,validated_hard,ZORP,9,7,2,3,1
41389,validated_hard,ZORP,4,9,0,1,0
41389,validated_hard,ZORP,4,9,1,0,1
41389,validated_hard,ZORP,13,7,0,2,0
41389,validated_hard,ZORP,13,7,1,1,0
41389,validated_hard,ZORP,13,7,2,1,0
41389,validated_hard,ZORP,13,7,3,0,0
41389,validated_hard,ZORP,4,11,0,1,0
41389,validated_hard,ZORP,4,11,1,0,0
41389,validated_hard,ZORP,4,11,2,2,1
41389,validated_hard,ZORP,4,12,0,0,0
41389,validated_hard,ZORP,4,12,1,0,0
41389,validated_hard,ZORP,4,12,2,0,0
41389,validated_hard,ZORP,4,12,3,3,0
41389,validated_hard,ZORP,4,8,0,0,0
41389,validated_hard,ZORP,4,8,1,0,0
41389,validated_hard,ZORP,4,8,2,0,0
41389,validated_hard,ZORP,4,8,3,3,0
41389,validated_hard,ZORP,14,5,0,3,0
41389,validated_hard,ZORP,14,5,1,1,0
41389,validated_hard,ZORP,14,5,2,1,0
41389,validated_hard,ZORP,14,5,3,3,0
41389,validated_hard,ZORP,2,14,0,0,0
41389,validated_hard,ZORP,2,14,1,3,0
41389,validated_hard,ZORP,2,14,2,3,0
41389,validated_hard,ZORP,2,14,3,0,0
41389,validated_hard,ZORP,8,5,0,2,0
41389,validated_hard,ZORP,8,5,1,0,1
41389,validated_hard,ZORP,5,15,0,2,0
41389,validated_hard,ZORP,5,15,1,2,0
41389,validated_hard,ZORP,5,15,2,0,0
41389,validated_hard,ZORP,5,15,3,1,0
41389,validated_hard,ZORP,11,7,0,3,0
41389,validated_hard,ZORP,11,7,1,0,0
41389,validated_hard,ZORP,11,7,2,1,1
41389,validated_hard,ZORP,5,1,0,1,1
41389,validated_hard,ZORP,6,5,0,3,0
41389,validated_hard,ZORP,6,5,1,0,0
41389,validated_hard,ZORP,6,5,2,2,1
41389,validated_hard,ZORP,14,3,0,2,0
41389,validated_hard,ZORP,14,3,1,1,0
41389,validated_hard,ZORP,14,3,2,0,1
41389,validated_hard,ZORP,6,14,0,2,0
41389,validated_hard,ZORP,6,14,1,0,0
41389,validated_hard,ZORP,6,14,2,0,0
41389,validated_hard,ZORP,6,14,3,1,1
41389,validated_hard,ZORP,13,5,0,2,0
41389,validated_hard,ZORP,13,5,1,2,0
41389,validated_hard,ZORP,13,5,2,1,1
41389,validated_hard,ZORP,13,4,0,1,0
41389,validated_hard,ZORP,13,4,1,0,0
41389,validated_hard,ZORP,13,4,2,2,1
41389,validated_hard,ZORP,2,9,0,3,0
41389,validated_hard,ZORP,2,9,1,0,0
41389,validated_hard,ZORP,2,9,2,1,0
41389,validated_hard,ZORP,2,9,3,2,1
41389,validated_hard,ZORP,14,6,0,1,1
41389,validated_hard,ZORP,2,6,0,3,0
41389,validated_hard,ZORP,2,6,1,0,0
41389,validated_hard,ZORP,2,6,2,1,1
41389,validated_hard,ZORP,14,8,0,0,0
41389,validated_hard,ZORP,14,8,1,3,1
41389,validated_hard,ZORP,3,13,0,0,0
41389,validated_hard,ZORP,3,13,1,0,0
41389,validated_hard,ZORP,3,13,2,2,0
41389,validated_hard,ZORP,3,13,3,1,0
41389,validated_hard,ZORP,6,13,0,2,1
41389,validated_hard,ZORP,8,3,0,3,0
41389,validated_hard,ZORP,8,3,1,0,0
41389,validated_hard,ZORP,8,3,2,0,0
41389,validated_hard,ZORP,8,3,3,0,0
41389,validated_hard,ZORP,9,5,0,0,0
41389,validated_hard,ZORP,9,5,1,1,1
41389,validated_hard,ZORP,8,15,0,0,0
41389,validated_hard,ZORP,8,15,1,3,0
41389,validated_hard,ZORP,8,15,2,0,0
41389,validated_hard,ZORP,8,15,3,0,0
41389,validated_hard,ZORP,9,4,0,0,0
41389,validated_hard,ZORP,9,4,1,1,0
41389,validated_hard,ZORP,9,4,2,0,0
41389,validated_hard,ZORP,9,4,3,3,0
41389,validated_hard,ZORP,13,6,0,3,0
41389,validated_hard,ZORP,13,6,1,3,0
41389,validated_hard,ZORP,13,6,2,0,1
41389,validated_hard,ZORP,13,8,0,3,0
41389,validated_hard,ZORP,13,8,1,3,0
41389,validated_hard,ZORP,13,8,2,3,0
41389,validated_hard,ZORP,13,8,3,0,0
41389,validated_hard,ZORP,13,2,0,1,0
41389,validated_hard,ZORP,13,2,1,1,0
41389,validated_hard,ZORP,13,2,2,1,0
41389,validated_hard,ZORP,13,2,3,3,0
41389,validated_hard,ZORP,13,9,0,1,1
41389,validated_hard,ZORP,12,4,0,1,1
41389,validated_hard,ZORP,6,12,0,0,0
41389,validated_hard,ZORP,6,12,1,1,0
41389,validated_hard,ZORP,6,12,2,0,0
41389,validated_hard,ZORP,6,12,3,1,0
41389,validated_hard,ZORP,10,7,0,0,1
41389,validated_hard,ZORP,8,11,0,0,0
41389,validated_hard,ZORP,8,11,1,0,0
41389,validated_hard,ZORP,8,11,2,0,0
41389,validated_hard,ZORP,8,11,3,2,1
41389,validated_hard,ZORP,8,2,0,2,0
41389,validated_hard,ZORP,8,2,1,0,0
41389,validated_hard,ZORP,8,2,2,3,1
41389,validated_hard,ZORP,6,9,0,0,0
41389,validated_hard,ZORP,6,9,1,0,0
41389,validated_hard,ZORP,6,9,2,0,0
41389,validated_hard,ZORP,6,9,3,1,0
41389,validated_hard,ZORP,11,5,0,0,0
41389,validated_hard,ZORP,11,5,1,1,0
41389,validated_hard,ZORP,11,5,2,1,0
41389,validated_hard,ZORP,11,5,3,0,0
41389,validated_dream,ZORP,7,15,0,0,0
41389,validated_dream,ZORP,7,15,1,1,1
41389,validated_dream,ZORP,7,9,0,3,1
41389,validated_dream,ZORP,7,11,0,2,0
41389,validated_dream,ZORP,7,11,1,1,1
41389,validated_dream,ZORP,8,7,0,0,0
41389,validated_dream,ZORP,8,7,1,2,1
41389,validated_dream,ZORP,4,14,0,1,0
41389,validated_dream,ZORP,4,14,1,3,1
41389,validated_dream,ZORP,4,13,0,1,0
41389,validated_dream,ZORP,4,13,1,0,1
41389,validated_dream,ZORP,14,7,0,3,0
41389,validated_dream,ZORP,14,7,1,0,1
41389,validated_dream,ZORP,9,7,0,1,0
41389,validated_dream,ZORP,9,7,1,0,0
41389,validated_dream,ZORP,9,7,2,2,0
41389,validated_dream,ZORP,9,7,3,0,0
41389,validated_dream,ZORP,4,9,0,0,1
41389,validated_dream,ZORP,13,7,0,0,0
41389,validated_dream,ZORP,13,7,1,2,0
41389,validated_dream,ZORP,13,7,2,2,0
41389,validated_dream,ZORP,13,7,3,0,0
41389,validated_dream,ZORP,4,11,0,1,0
41389,validated_dream,ZORP,4,11,1,0,0
41389,validated_dream,ZORP,4,11,2,2,1
41389,validated_dream,ZORP,4,12,0,1,1
41389,validated_dream,ZORP,4,8,0,1,1
41389,validated_dream,ZORP,14,5,0,1,0
41389,validated_dream,ZORP,14,5,1,0,0
41389,validated_dream,ZORP,14,5,2,0,0
41389,validated_dream,ZORP,14,5,3,0,0
41389,validated_dream,ZORP,2,14,0,3,0
41389,validated_dream,ZORP,2,14,1,1,1
41389,validated_dream,ZORP,8,5,0,0,1
41389,validated_dream,ZORP,5,15,0,1,0
41389,validated_dream,ZORP,5,15,1,1,0
41389,validated_dream,ZORP,5,15,2,1,0
41389,validated_dream,ZORP,5,15,3,1,0
41389,validated_dream,ZORP,11,7,0,0,0
41389,validated_dream,ZORP,11,7,1,3,0
41389,validated_dream,ZORP,11,7,2,0,0
41389,validated_dream,ZORP,11,7,3,2,0
41389,validated_dream,ZORP,14,3,0,3,0
41389,validated_dream,ZORP,14,3,1,2,0
41389,validated_dream,ZORP,14,3,2,2,0
41389,validated_dream,ZORP,14,3,3,0,1
41389,validated_dream,ZORP,6,14,0,1,1
41389,validated_dream,ZORP,13,5,0,3,0
41389,validated_dream,ZORP,13,5,1,0,0
41389,validated_dream,ZORP,13,5,2,0,0
41389,validated_dream,ZORP,13,5,3,2,0
41389,validated_dream,ZORP,13,4,0,1,0
41389,validated_dream,ZORP,13,4,1,1,0
41389,validated_dream,ZORP,13,4,2,0,0
41389,validated_dream,ZORP,13,4,3,1,0
41389,validated_dream,ZORP,2,9,0,3,0
41389,validated_dream,ZORP,2,9,1,3,0
41389,validated_dream,ZORP,2,9,2,2,1
41389,validated_dream,ZORP,14,6,0,1,1
41389,validated_dream,ZORP,3,13,0,2,0
41389,validated_dream,ZORP,3,13,1,0,0
41389,validated_dream,ZORP,3,13,2,1,0
41389,validated_dream,ZORP,3,13,3,0,0
41389,validated_dream,ZORP,6,13,0,3,0
41389,validated_dream,ZORP,6,13,1,2,1
41389,validated_dream,ZORP,8,3,0,3,0
41389,validated_dream,ZORP,8,3,1,2,1
41389,validated_dream,ZORP,9,5,0,0,0
41389,validated_dream,ZORP,9,5,1,3,0
41389,validated_dream,ZORP,9,5,2,2,0
41389,validated_dream,ZORP,9,5,3,0,0
41389,validated_dream,ZORP,9,4,0,3,0
41389,validated_dream,ZORP,9,4,1,1,0
41389,validated_dream,ZORP,9,4,2,3,0
41389,validated_dream,ZORP,9,4,3,1,0
41389,validated_dream,ZORP,13,6,0,3,0
41389,validated_dream,ZORP,13,6,1,0,1
41389,validated_dream,ZORP,13,2,0,2,0
41389,validated_dream,ZORP,13,2,1,2,0
41389,validated_dream,ZORP,13,2,2,1,0
41389,validated_dream,ZORP,13,2,3,2,0
41389,validated_dream,ZORP,12,4,0,0,0
41389,validated_dream,ZORP,12,4,1,0,0
41389,validated_dream,ZORP,12,4,2,0,0
41389,validated_dream,ZORP,12,4,3,0,0
41389,validated_dream,ZORP,6,12,0,0,0
41389,validated_dream,ZORP,6,12,1,1,0
41389,validated_dream,ZORP,6,12,2,1,0
41389,validated_dream,ZORP,6,12,3,0,0
41389,validated_dream,ZORP,10,7,0,0,1
41389,validated_dream,ZORP,8,2,0,0,0
41389,validated_dream,ZORP,8,2,1,0,0
41389,validated_dream,ZORP,8,2,2,1,0
41389,validated_dream,ZORP,8,2,3,0,0
41389,validated_dream,ZORP,6,9,0,0,0
41389,validated_dream,ZORP,6,9,1,1,0
41389,validated_dream,ZORP,6,9,2,2,1
41389,validated_dream,ZORP,11,5,0,0,0
41389,validated_dream,ZORP,11,5,1,0,0
41389,validated_dream,ZORP,11,5,2,1,0
41389,validated_dream,ZORP,11,5,3,2,0
41389,validated_dream,ZORP,6,10,0,3,0
41389,validated_dream,ZORP,6,10,1,0,0
41389,validated_dream,ZORP,6,10,2,2,0
41389,validated_dream,ZORP,6,10,3,1,1
41389,validated_dream,ZORP,11,4,0,3,0
41389,validated_dream,ZORP,11,4,1,3,0
41389,validated_dream,ZORP,11,4,2,0,1
41389,validated_dream,ZORP,8,1,0,0,1
41389,validated_dream,ZORP,15,6,0,0,0
41389,validated_dream,ZORP,15,6,1,0,0
41389,validated_dream,ZORP,15,6,2,0,0
41389,validated_dream,ZORP,15,6,3,0,0
41389,validated_dream,ZORP,9,6,0,0,1
41389,validated_dream,ZORP,12,6,0,0,0
41389,validated_dream,ZORP,12,6,1,0,0
41389,validated_dream,ZORP,12,6,2,0,0
41389,validated_dream,ZORP,12,6,3,0,0
41389,validated_dream,ZORP,15,2,0,3,0
41389,validated_dream,ZORP,15,2,1,1,0
41389,validated_dream,ZORP,15,2,2,2,1
41389,validated_dream,ZORP,2,12,0,3,1
41389,validated_dream,ZORP,2,10,0,0,0
41389,validated_dream,ZORP,2,10,1,0,0
41389,validated_dream,ZORP,2,10,2,2,0
41389,validated_dream,ZORP,2,10,3,0,0
41389,validated_dream,ZORP,9,1,0,1,1
41389,validated_dream,ZORP,11,2,0,0,0
41389,validated_dream,ZORP,11,2,1,2,1
41389,validated_hard_anchor,ZORP,7,4,0,2,0
41389,validated_hard_anchor,ZORP,7,4,1,2,0
41389,validated_hard_anchor,ZORP,7,4,2,1,0
41389,validated_hard_anchor,ZORP,7,4,3,2,0
41389,validated_hard_anchor,ZORP,4,7,0,1,0
41389,validated_hard_anchor,ZORP,4,7,1,3,0
41389,validated_hard_anchor,ZORP,4,7,2,1,0
41389,validated_hard_anchor,ZORP,4,7,3,3,0
41389,validated_hard_anchor,ZORP,7,15,0,0,0
41389,validated_hard_anchor,ZORP,7,15,1,3,0
41389,validated_hard_anchor,ZORP,7,15,2,1,1
41389,validated_hard_anchor,ZORP,7,9,0,1,0
41389,validated_hard_anchor,ZORP,7,9,1,3,1
41389,validated_hard_anchor,ZORP,7,11,0,3,0
41389,validated_hard_anchor,ZORP,7,11,1,0,0
41389,validated_hard_anchor,ZORP,7,11,2,0,0
41389,validated_hard_anchor,ZORP,7,11,3,1,1
41389,validated_hard_anchor,ZORP,5,7,0,0,0
41389,validated_hard_anchor,ZORP,5,7,1,1,0
41389,validated_hard_anchor,ZORP,5,7,2,2,0
41389,validated_hard_anchor,ZORP,5,7,3,3,1
41389,validated_hard_anchor,ZORP,8,7,0,0,0
41389,validated_hard_anchor,ZORP,8,7,1,1,0
41389,validated_hard_anchor,ZORP,8,7,2,0,0
41389,validated_hard_anchor,ZORP,8,7,3,0,0
41389,validated_hard_anchor,ZORP,4,14,0,2,0
41389,validated_hard_anchor,ZORP,4,14,1,0,0
41389,validated_hard_anchor,ZORP,4,14,2,2,0
41389,validated_hard_anchor,ZORP,4,14,3,3,1
41389,validated_hard_anchor,ZORP,4,13,0,0,1
41389,validated_hard_anchor,ZORP,14,7,0,2,0
41389,validated_hard_anchor,ZORP,14,7,1,3,0
41389,validated_hard_anchor,ZORP,14,7,2,2,0
41389,validated_hard_anchor,ZORP,14,7,3,0,1
41389,validated_hard_anchor,ZORP,9,7,0,0,0
41389,validated_hard_anchor,ZORP,9,7,1,1,0
41389,validated_hard_anchor,ZORP,9,7,2,2,0
41389,validated_hard_anchor,ZORP,9,7,3,3,1
41389,validated_hard_anchor,ZORP,4,9,0,0,1
41389,validated_hard_anchor,ZORP,13,7,0,1,0
41389,validated_hard_anchor,ZORP,13,7,1,0,0
41389,validated_hard_anchor,ZORP,13,7,2,0,0
41389,validated_hard_anchor,ZORP,13,7,3,2,0
41389,validated_hard_anchor,ZORP,4,11,0,1,0
41389,validated_hard_anchor,ZORP,4,11,1,1,0
41389,validated_hard_anchor,ZORP,4,11,2,1,0
41389,validated_hard_anchor,ZORP,4,11,3,2,1
41389,validated_hard_anchor,ZORP,4,12,0,3,0
41389,validated_hard_anchor,ZORP,4,12,1,2,0
41389,validated_hard_anchor,ZORP,4,12,2,0,0
41389,validated_hard_anchor,ZORP,4,12,3,0,0
41389,validated_hard_anchor,ZORP,4,8,0,3,0
41389,validated_hard_anchor,ZORP,4,8,1,0,0
41389,validated_hard_anchor,ZORP,4,8,2,3,0
41389,validated_hard_anchor,ZORP,4,8,3,3,0
41389,validated_hard_anchor,ZORP,14,5,0,2,1
41389,validated_hard_anchor,ZORP,2,14,0,3,0
41389,validated_hard_anchor,ZORP,2,14,1,2,0
41389,validated_hard_anchor,ZORP,2,14,2,3,0
41389,validated_hard_anchor,ZORP,2,14,3,0,0
41389,validated_hard_anchor,ZORP,8,5,0,1,0
41389,validated_hard_anchor,ZORP,8,5,1,2,0
41389,validated_hard_anchor,ZORP,8,5,2,2,0
41389,validated_hard_anchor,ZORP,8,5,3,1,0
41389,validated_hard_anchor,ZORP,5,15,0,1,0
41389,validated_hard_anchor,ZORP,5,15,1,1,0
41389,validated_hard_anchor,ZORP,5,15,2,3,1
41389,validated_hard_anchor,ZORP,11,7,0,3,0
41389,validated_hard_anchor,ZORP,11,7,1,3,0
41389,validated_hard_anchor,ZORP,11,7,2,1,1
41389,validated_hard_anchor,ZORP,5,1,0,3,0
41389,validated_hard_anchor,ZORP,5,1,1,0,0
41389,validated_hard_anchor,ZORP,5,1,2,0,0
41389,validated_hard_anchor,ZORP,5,1,3,1,1
41389,validated_hard_anchor,ZORP,6,5,0,0,0
41389,validated_hard_anchor,ZORP,6,5,1,0,0
41389,validated_hard_anchor,ZORP,6,5,2,0,0
41389,validated_hard_anchor,ZORP,6,5,3,0,0
41389,validated_hard_anchor,ZORP,14,3,0,2,0
41389,validated_hard_anchor,ZORP,14,3,1,2,0
41389,validated_hard_anchor,ZORP,14,3,2,0,1
41389,validated_hard_anchor,ZORP,6,14,0,1,1
41389,validated_hard_anchor,ZORP,13,5,0,1,1
41389,validated_hard_anchor,ZORP,13,4,0,3,0
41389,validated_hard_anchor,ZORP,13,4,1,1,0
41389,validated_hard_anchor,ZORP,13,4,2,0,0
41389,validated_hard_anchor,ZORP,13,4,3,3,0
41389,validated_hard_anchor,ZORP,2,9,0,0,0
41389,validated_hard_anchor,ZORP,2,9,1,3,0
41389,validated_hard_anchor,ZORP,2,9,2,0,0
41389,validated_hard_anchor,ZORP,2,9,3,2,1
41389,validated_hard_anchor,ZORP,14,6,0,0,0
41389,validated_hard_anchor,ZORP,14,6,1,0,0
41389,validated_hard_anchor,ZORP,14,6,2,3,0
41389,validated_hard_anchor,ZORP,14,6,3,1,1
41389,validated_hard_anchor,ZORP,2,6,0,3,0
41389,validated_hard_anchor,ZORP,2,6,1,3,0
41389,validated_hard_anchor,ZORP,2,6,2,0,0
41389,validated_hard_anchor,ZORP,2,6,3,0,0
41389,validated_hard_anchor,ZORP,14,8,0,3,1
41389,validated_hard_anchor,ZORP,3,13,0,3,1
41389,validated_hard_anchor,ZORP,6,13,0,1,0
41389,validated_hard_anchor,ZORP,6,13,1,1,0
41389,validated_hard_anchor,ZORP,6,13,2,0,0
41389,validated_hard_anchor,ZORP,6,13,3,0,0
41389,validated_hard_anchor,ZORP,8,3,0,0,0
41389,validated_hard_anchor,ZORP,8,3,1,0,0
41389,validated_hard_anchor,ZORP,8,3,2,2,1
41389,validated_hard_anchor,ZORP,9,5,0,0,0
41389,validated_hard_anchor,ZORP,9,5,1,0,0
41389,validated_hard_anchor,ZORP,9,5,2,0,0
41389,validated_hard_anchor,ZORP,9,5,3,0,0
41389,validated_hard_anchor,ZORP,8,15,0,2,1
41389,validated_hard_anchor,ZORP,9,4,0,0,0
41389,validated_hard_anchor,ZORP,9,4,1,3,0
41389,validated_hard_anchor,ZORP,9,4,2,3,0
41389,validated_hard_anchor,ZORP,9,4,3,1,0
41389,validated_hard_anchor,ZORP,13,6,0,0,1
41389,validated_hard_anchor,ZORP,13,8,0,1,0
41389,validated_hard_anchor,ZORP,13,8,1,2,1
41389,validated_hard_anchor,ZORP,13,2,0,2,0
41389,validated_hard_anchor,ZORP,13,2,1,1,0
41389,validated_hard_anchor,ZORP,13,2,2,0,1
41389,validated_hard_anchor,ZORP,13,9,0,1,1
41389,validated_hard_anchor,ZORP,12,4,0,3,0
41389,validated_hard_anchor,ZORP,12,4,1,1,1
41389,validated_hard_anchor,ZORP,6,12,0,2,0
41389,validated_hard_anchor,ZORP,6,12,1,0,0
41389,validated_hard_anchor,ZORP,6,12,2,2,0
41389,validated_hard_anchor,ZORP,6,12,3,3,1
41389,validated_hard_anchor,ZORP,10,7,0,0,1
41389,validated_hard_anchor,ZORP,8,11,0,3,0
41389,validated_hard_anchor,ZORP,8,11,1,1,0
41389,validated_hard_anchor,ZORP,8,11,2,0,0
41389,validated_hard_anchor,ZORP,8,11,3,0,0
41389,validated_hard_anchor,ZORP,8,2,0,2,0
41389,validated_hard_anchor,ZORP,8,2,1,0,0
41389,validated_hard_anchor,ZORP,8,2,2,3,1
41389,validated_hard_anchor,ZORP,6,9,0,3,0
41389,validated_hard_anchor,ZORP,6,9,1,0,0
41389,validated_hard_anchor,ZORP,6,9,2,1,0
41389,validated_hard_anchor,ZORP,6,9,3,3,0
41389,validated_hard_anchor,ZORP,11,5,0,1,0
41389,validated_hard_anchor,ZORP,11,5,1,0,0
41389,validated_hard_anchor,ZORP,11,5,2,3,1
41486,validated_uniform,ZORP,2,14,0,0,1
41486,validated_uniform,ZORP,7,12,0,2,0
41486,validated_uniform,ZORP,7,12,1,2,0
41486,validated_uniform,ZORP,7,12,2,2,0
41486,validated_uniform,ZORP,7,12,3,1,0
41486,validated_uniform,ZORP,12,8,0,0,1
41486,validated_uniform,ZORP,4,1,0,0,0
41486,validated_uniform,ZORP,4,1,1,1,0
41486,validated_uniform,ZORP,4,1,2,3,1
41486,validated_uniform,ZORP,9,6,0,1,0
41486,validated_uniform,ZORP,9,6,1,2,0
41486,validated_uniform,ZORP,9,6,2,0,0
41486,validated_uniform,ZORP,9,6,3,3,1
41486,validated_uniform,ZORP,8,12,0,3,0
41486,validated_uniform,ZORP,8,12,1,1,0
41486,validated_uniform,ZORP,8,12,2,2,0
41486,validated_uniform,ZORP,8,12,3,0,1
41486,validated_uniform,ZORP,9,8,0,2,1
41486,validated_uniform,ZORP,8,1,0,0,0
41486,validated_uniform,ZORP,8,1,1,0,0
41486,validated_uniform,ZORP,8,1,2,3,1
41486,validated_uniform,ZORP,10,9,0,2,1
41486,validated_uniform,ZORP,4,8,0,2,0
41486,validated_uniform,ZORP,4,8,1,2,0
41486,validated_uniform,ZORP,4,8,2,2,0
41486,validated_uniform,ZORP,4,8,3,3,0
41486,validated_uniform,ZORP,5,4,0,0,0
41486,validated_uniform,ZORP,5,4,1,0,0
41486,validated_uniform,ZORP,5,4,2,1,0
41486,validated_uniform,ZORP,5,4,3,2,1
41486,validated_uniform,ZORP,0,9,0,3,1
41486,validated_uniform,ZORP,6,1,0,3,0
41486,validated_uniform,ZORP,6,1,1,1,0
41486,validated_uniform,ZORP,6,1,2,1,0
41486,validated_uniform,ZORP,6,1,3,1,0
41486,validated_uniform,ZORP,9,7,0,1,1
41486,validated_uniform,ZORP,5,9,0,3,0
41486,validated_uniform,ZORP,5,9,1,1,0
41486,validated_uniform,ZORP,5,9,2,2,0
41486,validated_uniform,ZORP,5,9,3,3,0
41486,validated_uniform,ZORP,14,1,0,3,0
41486,validated_uniform,ZORP,14,1,1,0,0
41486,validated_uniform,ZORP,14,1,2,3,0
41486,validated_uniform,ZORP,14,1,3,0,0
41486,validated_uniform,ZORP,13,15,0,3,0
41486,validated_uniform,ZORP,13,15,1,3,0
41486,validated_uniform,ZORP,13,15,2,1,1
41486,validated_uniform,ZORP,15,0,0,1,0
41486,validated_uniform,ZORP,15,0,1,3,1
41486,validated_uniform,ZORP,4,15,0,2,1
41486,validated_uniform,ZORP,10,4,0,1,1
41486,validated_uniform,ZORP,2,10,0,1,0
41486,validated_uniform,ZORP,2,10,1,3,0
41486,validated_uniform,ZORP,2,10,2,0,1
41486,validated_uniform,ZORP,14,5,0,3,0
41486,validated_uniform,ZORP,14,5,1,3,0
41486,validated_uniform,ZORP,14,5,2,0,0
41486,validated_uniform,ZORP,14,5,3,3,0
41486,validated_uniform,ZORP,9,3,0,3,0
41486,validated_uniform,ZORP,9,3,1,1,1
41486,validated_uniform,ZORP,2,8,0,0,0
41486,validated_uniform,ZORP,2,8,1,1,1
41486,validated_uniform,ZORP,12,5,0,0,0
41486,validated_uniform,ZORP,12,5,1,3,1
41486,validated_uniform,ZORP,14,3,0,0,0
41486,validated_uniform,ZORP,14,3,1,0,0
41486,validated_uniform,ZORP,14,3,2,1,0
41486,validated_uniform,ZORP,14,3,3,0,0
41486,validated_uniform,ZORP,13,13,0,0,1
41486,validated_uniform,ZORP,12,0,0,3,0
41486,validated_uniform,ZORP,12,0,1,0,1
41486,validated_uniform,ZORP,11,5,0,3,0
41486,validated_uniform,ZORP,11,5,1,3,0
41486,validated_uniform,ZORP,11,5,2,0,0
41486,validated_uniform,ZORP,11,5,3,2,0
41486,validated_uniform,ZORP,5,13,0,0,1
41486,validated_uniform,ZORP,15,7,0,3,0
41486,validated_uniform,ZORP,15,7,1,2,0
41486,validated_uniform,ZORP,15,7,2,2,0
41486,validated_uniform,ZORP,15,7,3,3,0
41486,validated_uniform,ZORP,12,9,0,1,0
41486,validated_uniform,ZORP,12,9,1,2,0
41486,validated_uniform,ZORP,12,9,2,2,0
41486,validated_uniform,ZORP,12,9,3,2,0
41486,validated_uniform,ZORP,5,14,0,1,0
41486,validated_uniform,ZORP,5,14,1,3,1
41486,validated_uniform,ZORP,6,11,0,3,1
41486,validated_uniform,ZORP,3,14,0,2,1
41486,validated_uniform,ZORP,4,6,0,2,0
41486,validated_uniform,ZORP,4,6,1,0,0
41486,validated_uniform,ZORP,4,6,2,0,0
41486,validated_uniform,ZORP,4,6,3,2,0
41486,validated_uniform,ZORP,4,11,0,3,0
41486,validated_uniform,ZORP,4,11,1,0,0
41486,validated_uniform,ZORP,4,11,2,2,1
41486,validated_uniform,ZORP,13,6,0,3,1
41486,validated_uniform,ZORP,5,2,0,3,1
41486,validated_uniform,ZORP,9,15,0,1,1
41486,validated_uniform,ZORP,14,2,0,3,0
41486,validated_uniform,ZORP,14,2,1,2,0
41486,validated_uniform,ZORP,14,2,2,3,0
41486,validated_uniform,ZORP,14,2,3,2,0
41486,validated_uniform,ZORP,5,0,0,0,0
41486,validated_uniform,ZORP,5,0,1,1,0
41486,validated_uniform,ZORP,5,0,2,3,0
41486,validated_uniform,ZORP,5,0,3,2,1
41486,validated_uniform,ZORP,11,9,0,1,1
41486,validated_uniform,ZORP,7,15,0,1,0
41486,validated_uniform,ZORP,7,15,1,2,0
41486,validated_uniform,ZORP,7,15,2,2,0
41486,validated_uniform,ZORP,7,15,3,3,0
41486,validated_uniform,ZORP,4,3,0,3,0
41486,validated_uniform,ZORP,4,3,1,3,0
41486,validated_uniform,ZORP,4,3,2,1,0
41486,validated_uniform,ZORP,4,3,3,2,1
41486,validated_uniform,ZORP,0,13,0,3,1
41486,validated_uniform,ZORP,8,10,0,2,0
41486,validated_uniform,ZORP,8,10,1,3,0
41486,validated_uniform,ZORP,8,10,2,3,0
41486,validated_uniform,ZORP,8,10,3,3,0
41486,validated_uniform,ZORP,15,3,0,2,0
41486,validated_uniform,ZORP,15,3,1,2,0
41486,validated_uniform,ZORP,15,3,2,0,1
41486,validated_hard,ZORP,9,2,0,2,0
41486,validated_hard,ZORP,9,2,1,0,0
41486,validated_hard,ZORP,9,2,2,3,1
41486,validated_hard,ZORP,1,11,0,2,0
41486,validated_hard,ZORP,1,11,1,3,0
41486,validated_hard,ZORP,1,11,2,2,0
41486,validated_hard,ZORP,1,11,3,2,0
41486,validated_hard,ZORP,1,1,0,2,0
41486,validated_hard,ZORP,1,1,1,0,1
41486,validated_hard,ZORP,7,12,0,3,1
41486,validated_hard,ZORP,9,8,0,1,0
41486,validated_hard,ZORP,9,8,1,1,0
41486,validated_hard,ZORP,9,8,2,0,0
41486,validated_hard,ZORP,9,8,3,0,0
41486,validated_hard,ZORP,0,9,0,2,0
41486,validated_hard,ZORP,0,9,1,1,0
41486,validated_hard,ZORP,0,9,2,0,0
41486,validated_hard,ZORP,0,9,3,3,1
41486,validated_hard,ZORP,9,3,0,2,0
41486,validated_hard,ZORP,9,3,1,3,0
41486,validated_hard,ZORP,9,3,2,3,0
41486,validated_hard,ZORP,9,3,3,3,0
41486,validated_hard,ZORP,11,9,0,0,0
41486,validated_hard,ZORP,11,9,1,2,0
41486,validated_hard,ZORP,11,9,2,3,0
41486,validated_hard,ZORP,11,9,3,3,0
41486,validated_hard,ZORP,8,12,0,1,0
41486,validated_hard,ZORP,8,12,1,0,1
41486,validated_hard,ZORP,6,11,0,0,0
41486,validated_hard,ZORP,6,11,1,2,0
41486,validated_hard,ZORP,6,11,2,1,0
41486,validated_hard,ZORP,6,11,3,1,0
41486,validated_hard,ZORP,2,9,0,2,1
41486,validated_hard,ZORP,5,9,0,2,0
41486,validated_hard,ZORP,5,9,1,1,0
41486,validated_hard,ZORP,5,9,2,2,0
41486,validated_hard,ZORP,5,9,3,3,0
41486,validated_hard,ZORP,2,12,0,2,0
41486,validated_hard,ZORP,2,12,1,3,0
41486,validated_hard,ZORP,2,12,2,1,1
41486,validated_hard,ZORP,4,11,0,3,0
41486,validated_hard,ZORP,4,11,1,0,0
41486,validated_hard,ZORP,4,11,2,3,0
41486,validated_hard,ZORP,4,11,3,3,0
41486,validated_hard,ZORP,12,9,0,3,1
41486,validated_hard,ZORP,5,12,0,2,1
41486,validated_hard,ZORP,9,7,0,3,0
41486,validated_hard,ZORP,9,7,1,3,0
41486,validated_hard,ZORP,9,7,2,0,0
41486,validated_hard,ZORP,9,7,3,2,0
41486,validated_hard,ZORP,9,15,0,1,1
41486,validated_hard,ZORP,8,1,0,3,1
41486,validated_hard,ZORP,6,12,0,1,1
41486,validated_hard,ZORP,12,1,0,3,1
41486,validated_hard,ZORP,8,2,0,3,0
41486,validated_hard,ZORP,8,2,1,2,0
41486,validated_hard,ZORP,8,2,2,3,0
41486,validated_hard,ZORP,8,2,3,3,0
41486,validated_hard,ZORP,7,10,0,2,1
41486,validated_hard,ZORP,2,2,0,3,0
41486,validated_hard,ZORP,2,2,1,1,0
41486,validated_hard,ZORP,2,2,2,3,0
41486,validated_hard,ZORP,2,2,3,1,0
41486,validated_hard,ZORP,9,6,0,2,0
41486,validated_hard,ZORP,9,6,1,2,0
41486,validated_hard,ZORP,9,6,2,3,1
41486,validated_hard,ZORP,1,8,0,3,0
41486,validated_hard,ZORP,1,8,1,2,1
41486,validated_hard,ZORP,0,13,0,2,0
41486,validated_hard,ZORP,0,13,1,1,0
41486,validated_hard,ZORP,0,13,2,2,0
41486,validated_hard,ZORP,0,13,3,3,1
41486,validated_hard,ZORP,0,7,0,2,1
41486,validated_hard,ZORP,6,1,0,2,1
41486,validated_hard,ZORP,10,9,0,2,1
41486,validated_hard,ZORP,5,2,0,1,0
41486,validated_hard,ZORP,5,2,1,0,0
41486,validated_hard,ZORP,5,2,2,2,0
41486,validated_hard,ZORP,5,2,3,0,0
41486,validated_hard,ZORP,1,10,0,3,1
41486,validated_hard,ZORP,0,15,0,2,1
41486,validated_hard,ZORP,11,5,0,1,1
41486,validated_hard,ZORP,4,1,0,3,1
41486,validated_hard,ZORP,7,13,0,3,0
41486,validated_hard,ZORP,7,13,1,2,0
41486,validated_hard,ZORP,7,13,2,3,0
41486,validated_hard,ZORP,7,13,3,1,1
41486,validated_hard,ZORP,7,15,0,1,0
41486,validated_hard,ZORP,7,15,1,0,1
41486,validated_hard,ZORP,12,0,0,3,0
41486,validated_hard,ZORP,12,0,1,2,0
41486,validated_hard,ZORP,12,0,2,2,0
41486,validated_hard,ZORP,12,0,3,1,0
41486,validated_hard,ZORP,2,0,0,1,1
41486,validated_hard,ZORP,0,5,0,3,1
41486,validated_hard,ZORP,8,10,0,2,0
41486,validated_hard,ZORP,8,10,1,3,0
41486,validated_hard,ZORP,8,10,2,3,0
41486,validated_hard,ZORP,8,10,3,2,0
41486,validated_hard,ZORP,4,2,0,3,0
41486,validated_hard,ZORP,4,2,1,3,0
41486,validated_hard,ZORP,4,2,2,0,0
41486,validated_hard,ZORP,4,2,3,2,0
41486,validated_hard,ZORP,0,6,0,2,0
41486,validated_hard,ZORP,0,6,1,3,0
41486,validated_hard,ZORP,0,6,2,3,0
41486,validated_hard,ZORP,0,6,3,2,0
41486,validated_hard,ZORP,12,8,0,0,1
41486,validated_hard,ZORP,2,10,0,1,0
41486,validated_hard,ZORP,2,10,1,1,0
41486,validated_hard,ZORP,2,10,2,0,1
41486,validated_hard,ZORP,10,0,0,0,0
41486,validated_hard,ZORP,10,0,1,1,1
41486,validated_hard,ZORP,12,7,0,2,1
41486,validated_hard,ZORP,5,0,0,2,1
41486,validated_dream,ZORP,9,2,0,2,0
41486,validated_dream,ZORP,9,2,1,2,0
41486,validated_dream,ZORP,9,2,2,2,0
41486,validated_dream,ZORP,9,2,3,2,0
41486,validated_dream,ZORP,1,11,0,0,0
41486,validated_dream,ZORP,1,11,1,0,0
41486,validated_dream,ZORP,1,11,2,2,0
41486,validated_dream,ZORP,1,11,3,3,0
41486,validated_dream,ZORP,7,12,0,1,0
41486,validated_dream,ZORP,7,12,1,3,1
41486,validated_dream,ZORP,0,9,0,2,0
41486,validated_dream,ZORP,0,9,1,3,1
41486,validated_dream,ZORP,9,3,0,3,0
41486,validated_dream,ZORP,9,3,1,2,0
41486,validated_dream,ZORP,9,3,2,1,1
41486,validated_dream,ZORP,6,11,0,3,1
41486,validated_dream,ZORP,2,9,0,1,0
41486,validated_dream,ZORP,2,9,1,0,0
41486,validated_dream,ZORP,2,9,2,0,0
41486,validated_dream,ZORP,2,9,3,2,1
41486,validated_dream,ZORP,5,9,0,0,1
41486,validated_dream,ZORP,2,12,0,1,1
41486,validated_dream,ZORP,4,11,0,0,0
41486,validated_dream,ZORP,4,11,1,1,0
41486,validated_dream,ZORP,4,11,2,3,0
41486,validated_dream,ZORP,4,11,3,2,1
41486,validated_dream,ZORP,5,12,0,0,0
41486,validated_dream,ZORP,5,12,1,0,0
41486,validated_dream,ZORP,5,12,2,2,1
41486,validated_dream,ZORP,9,7,0,2,0
41486,validated_dream,ZORP,9,7,1,2,0
41486,validated_dream,ZORP,9,7,2,2,0
41486,validated_dream,ZORP,9,7,3,1,1
41486,validated_dream,ZORP,8,1,0,3,1
41486,validated_dream,ZORP,6,12,0,2,0
41486,validated_dream,ZORP,6,12,1,2,0
41486,validated_dream,ZORP,6,12,2,0,0
41486,validated_dream,ZORP,6,12,3,1,1
41486,validated_dream,ZORP,12,1,0,2,0
41486,validated_dream,ZORP,12,1,1,3,1
41486,validated_dream,ZORP,8,2,0,3,0
41486,validated_dream,ZORP,8,2,1,0,0
41486,validated_dream,ZORP,8,2,2,0,0
41486,validated_dream,ZORP,8,2,3,3,0
41486,validated_dream,ZORP,7,10,0,0,0
41486,validated_dream,ZORP,7,10,1,2,1
41486,validated_dream,ZORP,9,6,0,1,0
41486,validated_dream,ZORP,9,6,1,1,0
41486,validated_dream,ZORP,9,6,2,0,0
41486,validated_dream,ZORP,9,6,3,0,0
41486,validated_dream,ZORP,1,8,0,0,0
41486,validated_dream,ZORP,1,8,1,3,0
41486,validated_dream,ZORP,1,8,2,1,0
41486,validated_dream,ZORP,1,8,3,1,0
41486,validated_dream,ZORP,0,13,0,2,0
41486,validated_dream,ZORP,0,13,1,3,1
41486,validated_dream,ZORP,1,10,0,3,1
41486,validated_dream,ZORP,0,15,0,0,0
41486,validated_dream,ZORP,0,15,1,0,0
41486,validated_dream,ZORP,0,15,2,1,0
41486,validated_dream,ZORP,0,15,3,2,1
41486,validated_dream,ZORP,11,5,0,0,0
41486,validated_dream,ZORP,11,5,1,1,1
41486,validated_dream,ZORP,7,13,0,3,0
41486,validated_dream,ZORP,7,13,1,2,0
41486,validated_dream,ZORP,7,13,2,3,0
41486,validated_dream,ZORP,7,13,3,1,1
41486,validated_dream,ZORP,7,15,0,3,0
41486,validated_dream,ZORP,7,15,1,1,0
41486,validated_dream,ZORP,7,15,2,0,1
41486,validated_dream,ZORP,12,0,0,0,1
41486,validated_dream,ZORP,2,10,0,3,0
41486,validated_dream,ZORP,2,10,1,3,0
41486,validated_dream,ZORP,2,10,2,3,0
41486,validated_dream,ZORP,2,10,3,2,0
41486,validated_dream,ZORP,10,0,0,0,0
41486,validated_dream,ZORP,10,0,1,2,0
41486,validated_dream,ZORP,10,0,2,3,0
41486,validated_dream,ZORP,10,0,3,2,0
41486,validated_dream,ZORP,12,7,0,1,0
41486,validated_dream,ZORP,12,7,1,2,1
41486,validated_dream,ZORP,7,14,0,0,0
41486,validated_dream,ZORP,7,14,1,1,0
41486,validated_dream,ZORP,7,14,2,2,1
41486,validated_dream,ZORP,3,10,0,2,1
41486,validated_dream,ZORP,5,13,0,0,1
41486,validated_dream,ZORP,10,3,0,0,0
41486,validated_dream,ZORP,10,3,1,3,1
41486,validated_dream,ZORP,2,8,0,3,0
41486,validated_dream,ZORP,2,8,1,2,0
41486,validated_dream,ZORP,2,8,2,0,0
41486,validated_dream,ZORP,2,8,3,3,0
41486,validated_dream,ZORP,12,5,0,3,1
41486,validated_dream,ZORP,3,13,0,2,0
41486,validated_dream,ZORP,3,13,1,2,0
41486,validated_dream,ZORP,3,13,2,3,0
41486,validated_dream,ZORP,3,13,3,3,0
41486,validated_dream,ZORP,15,1,0,2,0
41486,validated_dream,ZORP,15,1,1,3,0
41486,validated_dream,ZORP,15,1,2,3,0
41486,validated_dream,ZORP,15,1,3,1,1
41486,validated_dream,ZORP,10,7,0,1,0
41486,validated_dream,ZORP,10,7,1,2,0
41486,validated_dream,ZORP,10,7,2,2,0
41486,validated_dream,ZORP,10,7,3,3,1
41486,validated_dream,ZORP,3,15,0,0,1
41486,validated_dream,ZORP,12,6,0,3,0
41486,validated_dream,ZORP,12,6,1,2,0
41486,validated_dream,ZORP,12,6,2,3,0
41486,validated_dream,ZORP,12,6,3,0,0
41486,validated_dream,ZORP,6,13,0,2,1
41486,validated_dream,ZORP,2,14,0,0,1
41486,validated_dream,ZORP,5,15,0,3,0
41486,validated_dream,ZORP,5,15,1,0,0
41486,validated_dream,ZORP,5,15,2,3,0
41486,validated_dream,ZORP,5,15,3,3,0
41486,validated_dream,ZORP,14,1,0,0,0
41486,validated_dream,ZORP,14,1,1,1,0
41486,validated_dream,ZORP,14,1,2,2,1
41486,validated_dream,ZORP,15,3,0,3,0
41486,validated_dream,ZORP,15,3,1,1,0
41486,validated_dream,ZORP,15,3,2,3,0
41486,validated_dream,ZORP,15,3,3,2,0
41486,validated_dream,ZORP,15,0,0,3,1
41486,validated_dream,ZORP,15,7,0,3,0
41486,validated_dream,ZORP,15,7,1,2,0
41486,validated_dream,ZORP,15,7,2,3,0
41486,validated_dream,ZORP,15,7,3,3,0
41486,validated_dream,ZORP,10,4,0,3,0
41486,validated_dream,ZORP,10,4,1,0,0
41486,validated_dream,ZORP,10,4,2,3,0
41486,validated_dream,ZORP,10,4,3,3,0
41486,validated_hard_anchor,ZORP,9,2,0,3,1
41486,validated_hard_anchor,ZORP,1,11,0,0,0
41486,validated_hard_anchor,ZORP,1,11,1,2,0
41486,validated_hard_anchor,ZORP,1,11,2,2,0
41486,validated_hard_anchor,ZORP,1,11,3,2,0
41486,validated_hard_anchor,ZORP,1,1,0,1,0
41486,validated_hard_anchor,ZORP,1,1,1,2,0
41486,validated_hard_anchor,ZORP,1,1,2,1,0
41486,validated_hard_anchor,ZORP,1,1,3,2,0
41486,validated_hard_anchor,ZORP,7,12,0,2,0
41486,validated_hard_anchor,ZORP,7,12,1,3,1
41486,validated_hard_anchor,ZORP,9,8,0,2,1
41486,validated_hard_anchor,ZORP,0,9,0,2,0
41486,validated_hard_anchor,ZORP,0,9,1,3,1
41486,validated_hard_anchor,ZORP,9,3,0,1,1
41486,validated_hard_anchor,ZORP,11,9,0,0,0
41486,validated_hard_anchor,ZORP,11,9,1,0,0
41486,validated_hard_anchor,ZORP,11,9,2,2,0
41486,validated_hard_anchor,ZORP,11,9,3,2,0
41486,validated_hard_anchor,ZORP,8,12,0,0,1
41486,validated_hard_anchor,ZORP,6,11,0,2,0
41486,validated_hard_anchor,ZORP,6,11,1,2,0
41486,validated_hard_anchor,ZORP,6,11,2,2,0
41486,validated_hard_anchor,ZORP,6,11,3,3,1
41486,validated_hard_anchor,ZORP,2,9,0,3,0
41486,validated_hard_anchor,ZORP,2,9,1,2,1
41486,validated_hard_anchor,ZORP,5,9,0,0,1
41486,validated_hard_anchor,ZORP,2,12,0,1,1
41486,validated_hard_anchor,ZORP,4,11,0,2,1
41486,validated_hard_anchor,ZORP,12,9,0,1,0
41486,validated_hard_anchor,ZORP,12,9,1,3,1
41486,validated_hard_anchor,ZORP,5,12,0,3,0
41486,validated_hard_anchor,ZORP,5,12,1,3,0
41486,validated_hard_anchor,ZORP,5,12,2,0,0
41486,validated_hard_anchor,ZORP,5,12,3,0,0
41486,validated_hard_anchor,ZORP,9,7,0,3,0
41486,validated_hard_anchor,ZORP,9,7,1,2,0
41486,validated_hard_anchor,ZORP,9,7,2,0,0
41486,validated_hard_anchor,ZORP,9,7,3,1,1
41486,validated_hard_anchor,ZORP,9,15,0,1,1
41486,validated_hard_anchor,ZORP,8,1,0,0,0
41486,validated_hard_anchor,ZORP,8,1,1,1,0
41486,validated_hard_anchor,ZORP,8,1,2,1,0
41486,validated_hard_anchor,ZORP,8,1,3,2,0
41486,validated_hard_anchor,ZORP,6,12,0,2,0
41486,validated_hard_anchor,ZORP,6,12,1,3,0
41486,validated_hard_anchor,ZORP,6,12,2,3,0
41486,validated_hard_anchor,ZORP,6,12,3,0,0
41486,validated_hard_anchor,ZORP,12,1,0,0,0
41486,validated_hard_anchor,ZORP,12,1,1,0,0
41486,validated_hard_anchor,ZORP,12,1,2,0,0
41486,validated_hard_anchor,ZORP,12,1,3,1,0
41486,validated_hard_anchor,ZORP,8,2,0,0,0
41486,validated_hard_anchor,ZORP,8,2,1,2,0
41486,validated_hard_anchor,ZORP,8,2,2,2,0
41486,validated_hard_anchor,ZORP,8,2,3,1,1
41486,validated_hard_anchor,ZORP,7,10,0,1,0
41486,validated_hard_anchor,ZORP,7,10,1,3,0
41486,validated_hard_anchor,ZORP,7,10,2,1,0
41486,validated_hard_anchor,ZORP,7,10,3,3,0
41486,validated_hard_anchor,ZORP,2,2,0,2,0
41486,validated_hard_anchor,ZORP,2,2,1,1,0
41486,validated_hard_anchor,ZORP,2,2,2,0,1
41486,validated_hard_anchor,ZORP,9,6,0,2,0
41486,validated_hard_anchor,ZORP,9,6,1,2,0
41486,validated_hard_anchor,ZORP,9,6,2,3,1
41486,validated_hard_anchor,ZORP,1,8,0,3,0
41486,validated_hard_anchor,ZORP,1,8,1,3,0
41486,validated_hard_anchor,ZORP,1,8,2,0,0
41486,validated_hard_anchor,ZORP,1,8,3,3,0
41486,validated_hard_anchor,ZORP,0,13,0,0,0
41486,validated_hard_anchor,ZORP,0,13,1,3,1
41486,validated_hard_anchor,ZORP,0,7,0,3,0
41486,validated_hard_anchor,ZORP,0,7,1,3,0
41486,validated_hard_anchor,ZORP,0,7,2,2,1
41486,validated_hard_anchor,ZORP,6,1,0,1,0
41486,validated_hard_anchor,ZORP,6,1,1,3,0
41486,validated_hard_anchor,ZORP,6,1,2,0,0
41486,validated_hard_anchor,ZORP,6,1,3,3,0
41486,validated_hard_anchor,ZORP,10,9,0,0,0
41486,validated_hard_anchor,ZORP,10,9,1,1,0
41486,validated_hard_anchor,ZORP,10,9,2,3,0
41486,validated_hard_anchor,ZORP,10,9,3,1,0
41486,validated_hard_anchor,ZORP,5,2,0,3,1
41486,validated_hard_anchor,ZORP,1,10,0,1,0
41486,validated_hard_anchor,ZORP,1,10,1,1,0
41486,validated_hard_anchor,ZORP,1,10,2,1,0
41486,validated_hard_anchor,ZORP,1,10,3,2,0
41486,validated_hard_anchor,ZORP,0,15,0,0,0
41486,validated_hard_anchor,ZORP,0,15,1,0,0
41486,validated_hard_anchor,ZORP,0,15,2,0,0
41486,validated_hard_anchor,ZORP,0,15,3,2,1
41486,validated_hard_anchor,ZORP,11,5,0,0,0
41486,validated_hard_anchor,ZORP,11,5,1,3,0
41486,validated_hard_anchor,ZORP,11,5,2,3,0
41486,validated_hard_anchor,ZORP,11,5,3,3,0
41486,validated_hard_anchor,ZORP,4,1,0,1,0
41486,validated_hard_anchor,ZORP,4,1,1,3,1
41486,validated_hard_anchor,ZORP,7,13,0,2,0
41486,validated_hard_anchor,ZORP,7,13,1,2,0
41486,validated_hard_anchor,ZORP,7,13,2,2,0
41486,validated_hard_anchor,ZORP,7,13,3,2,0
41486,validated_hard_anchor,ZORP,7,15,0,3,0
41486,validated_hard_anchor,ZORP,7,15,1,0,1
41486,validated_hard_anchor,ZORP,12,0,0,3,0
41486,validated_hard_anchor,ZORP,12,0,1,2,0
41486,validated_hard_anchor,ZORP,12,0,2,0,1
41486,validated_hard_anchor,ZORP,2,0,0,3,0
41486,validated_hard_anchor,ZORP,2,0,1,2,0
41486,validated_hard_anchor,ZORP,2,0,2,1,1
41486,validated_hard_anchor,ZORP,0,5,0,2,0
41486,validated_hard_anchor,ZORP,0,5,1,2,0
41486,validated_hard_anchor,ZORP,0,5,2,2,0
41486,validated_hard_anchor,ZORP,0,5,3,2,0
41486,validated_hard_anchor,ZORP,8,10,0,2,0
41486,validated_hard_anchor,ZORP,8,10,1,2,0
41486,validated_hard_anchor,ZORP,8,10,2,3,0
41486,validated_hard_anchor,ZORP,8,10,3,3,0
41486,validated_hard_anchor,ZORP,4,2,0,3,0
41486,validated_hard_anchor,ZORP,4,2,1,2,0
41486,validated_hard_anchor,ZORP,4,2,2,2,0
41486,validated_hard_anchor,ZORP,4,2,3,3,0
41486,validated_hard_anchor,ZORP,0,6,0,2,0
41486,validated_hard_anchor,ZORP,0,6,1,1,1
41486,validated_hard_anchor,ZORP,12,8,0,3,0
41486,validated_hard_anchor,ZORP,12,8,1,1,0
41486,validated_hard_anchor,ZORP,12,8,2,1,0
41486,validated_hard_anchor,ZORP,12,8,3,1,0
41486,validated_hard_anchor,ZORP,2,10,0,2,0
41486,validated_hard_anchor,ZORP,2,10,1,3,0
41486,validated_hard_anchor,ZORP,2,10,2,0,1
41486,validated_hard_anchor,ZORP,10,0,0,2,0
41486,validated_hard_anchor,ZORP,10,0,1,3,0
41486,validated_hard_anchor,ZORP,10,0,2,1,1
41486,validated_hard_anchor,ZORP,12,7,0,3,0
41486,validated_hard_anchor,ZORP,12,7,1,0,0
41486,validated_hard_anchor,ZORP,12,7,2,3,0
41486,validated_hard_anchor,ZORP,12,7,3,2,1
41486,validated_hard_anchor,ZORP,5,0,0,1,0
41486,validated_hard_anchor,ZORP,5,0,1,2,1
41583,validated_uniform,ZORP,8,11,0,0,0
41583,validated_uniform,ZORP,8,11,1,2,0
41583,validated_uniform,ZORP,8,11,2,0,0
41583,validated_uniform,ZORP,8,11,3,0,0
41583,validated_uniform,ZORP,1,10,0,0,1
41583,validated_uniform,ZORP,13,13,0,0,0
41583,validated_uniform,ZORP,13,13,1,1,0
41583,validated_uniform,ZORP,13,13,2,2,1
41583,validated_uniform,ZORP,2,4,0,1,0
41583,validated_uniform,ZORP,2,4,1,2,0
41583,validated_uniform,ZORP,2,4,2,3,1
41583,validated_uniform,ZORP,0,14,0,2,0
41583,validated_uniform,ZORP,0,14,1,1,1
41583,validated_uniform,ZORP,4,10,0,0,0
41583,validated_uniform,ZORP,4,10,1,0,0
41583,validated_uniform,ZORP,4,10,2,1,1
41583,validated_uniform,ZORP,13,2,0,0,1
41583,validated_uniform,ZORP,7,2,0,2,1
41583,validated_uniform,ZORP,3,0,0,0,0
41583,validated_uniform,ZORP,3,0,1,3,0
41583,validated_uniform,ZORP,3,0,2,3,0
41583,validated_uniform,ZORP,3,0,3,2,1
41583,validated_uniform,ZORP,7,11,0,1,0
41583,validated_uniform,ZORP,7,11,1,2,0
41583,validated_uniform,ZORP,7,11,2,0,1
41583,validated_uniform,ZORP,3,8,0,0,0
41583,validated_uniform,ZORP,3,8,1,3,0
41583,validated_uniform,ZORP,3,8,2,1,0
41583,validated_uniform,ZORP,3,8,3,1,0
41583,validated_uniform,ZORP,9,6,0,0,1
41583,validated_uniform,ZORP,6,14,0,0,0
41583,validated_uniform,ZORP,6,14,1,0,0
41583,validated_uniform,ZORP,6,14,2,1,0
41583,validated_uniform,ZORP,6,14,3,0,0
41583,validated_uniform,ZORP,8,6,0,0,0
41583,validated_uniform,ZORP,8,6,1,3,0
41583,validated_uniform,ZORP,8,6,2,0,0
41583,validated_uniform,ZORP,8,6,3,3,0
41583,validated_uniform,ZORP,0,11,0,3,1
41583,validated_uniform,ZORP,6,15,0,3,0
41583,validated_uniform,ZORP,6,15,1,1,1
41583,validated_uniform,ZORP,12,0,0,1,1
41583,validated_uniform,ZORP,0,15,0,2,0
41583,validated_uniform,ZORP,0,15,1,0,0
41583,validated_uniform,ZORP,0,15,2,0,0
41583,validated_uniform,ZORP,0,15,3,0,0
41583,validated_uniform,ZORP,2,6,0,3,1
41583,validated_uniform,ZORP,14,10,0,3,1
41583,validated_uniform,ZORP,1,15,0,3,0
41583,validated_uniform,ZORP,1,15,1,1,0
41583,validated_uniform,ZORP,1,15,2,1,0
41583,validated_uniform,ZORP,1,15,3,1,0
41583,validated_uniform,ZORP,10,2,0,2,0
41583,validated_uniform,ZORP,10,2,1,1,0
41583,validated_uniform,ZORP,10,2,2,1,0
41583,validated_uniform,ZORP,10,2,3,0,0
41583,validated_uniform,ZORP,1,8,0,0,1
41583,validated_uniform,ZORP,3,9,0,0,1
41583,validated_uniform,ZORP,3,11,0,2,0
41583,validated_uniform,ZORP,3,11,1,1,0
41583,validated_uniform,ZORP,3,11,2,1,0
41583,validated_uniform,ZORP,3,11,3,2,0
41583,validated_uniform,ZORP,3,13,0,2,0
41583,validated_uniform,ZORP,3,13,1,1,0
41583,validated_uniform,ZORP,3,13,2,3,0
41583,validated_uniform,ZORP,3,13,3,1,0
41583,validated_uniform,ZORP,7,9,0,1,0
41583,validated_uniform,ZORP,7,9,1,2,0
41583,validated_uniform,ZORP,7,9,2,2,0
41583,validated_uniform,ZORP,7,9,3,3,0
41583,validated_uniform,ZORP,3,2,0,3,0
41583,validated_uniform,ZORP,3,2,1,1,0
41583,validated_uniform,ZORP,3,2,2,1,0
41583,validated_uniform,ZORP,3,2,3,0,0
41583,validated_uniform,ZORP,5,10,0,1,0
41583,validated_uniform,ZORP,5,10,1,1,0
41583,validated_uniform,ZORP,5,10,2,2,0
41583,validated_uniform,ZORP,5,10,3,0,1
41583,validated_uniform,ZORP,5,2,0,3,0
41583,validated_uniform,ZORP,5,2,1,3,0
41583,validated_uniform,ZORP,5,2,2,3,0
41583,validated_uniform,ZORP,5,2,3,1,0
41583,validated_uniform,ZORP,9,2,0,1,0
41583,validated_uniform,ZORP,9,2,1,0,1
41583,validated_uniform,ZORP,12,14,0,2,0
41583,validated_uniform,ZORP,12,14,1,0,0
41583,validated_uniform,ZORP,12,14,2,0,0
41583,validated_uniform,ZORP,12,14,3,1,1
41583,validated_uniform,ZORP,11,4,0,3,0
41583,validated_uniform,ZORP,11,4,1,3,0
41583,validated_uniform,ZORP,11,4,2,1,0
41583,validated_uniform,ZORP,11,4,3,1,0
41583,validated_uniform,ZORP,7,15,0,1,0
41583,validated_uniform,ZORP,7,15,1,1,0
41583,validated_uniform,ZORP,7,15,2,0,1
41583,validated_uniform,ZORP,14,6,0,1,0
41583,validated_uniform,ZORP,14,6,1,0,0
41583,validated_uniform,ZORP,14,6,2,0,0
41583,validated_uniform,ZORP,14,6,3,0,0
41583,validated_uniform,ZORP,4,8,0,1,1
41583,validated_uniform,ZORP,0,0,0,3,0
41583,validated_uniform,ZORP,0,0,1,1,1
41583,validated_uniform,ZORP,1,6,0,0,1
41583,validated_uniform,ZORP,10,12,0,0,0
41583,validated_uniform,ZORP,10,12,1,1,0
41583,validated_uniform,ZORP,10,12,2,2,0
41583,validated_uniform,ZORP,10,12,3,0,0
41583,validated_uniform,ZORP,4,11,0,2,0
41583,validated_uniform,ZORP,4,11,1,0,0
41583,validated_uniform,ZORP,4,11,2,3,1
41583,validated_uniform,ZORP,9,4,0,3,0
41583,validated_uniform,ZORP,9,4,1,1,0
41583,validated_uniform,ZORP,9,4,2,1,0
41583,validated_uniform,ZORP,9,4,3,3,0
41583,validated_uniform,ZORP,4,6,0,1,1
41583,validated_uniform,ZORP,15,2,0,3,0
41583,validated_uniform,ZORP,15,2,1,3,0
41583,validated_uniform,ZORP,15,2,2,2,1
41583,validated_uniform,ZORP,10,4,0,1,0
41583,validated_uniform,ZORP,10,4,1,1,0
41583,validated_uniform,ZORP,10,4,2,1,0
41583,validated_uniform,ZORP,10,4,3,2,0
41583,validated_uniform,ZORP,10,7,0,1,1
41583,validated_uniform,ZORP,2,14,0,3,1
41583,validated_uniform,ZORP,9,11,0,3,0
41583,validated_uniform,ZORP,9,11,1,3,0
41583,validated_uniform,ZORP,9,11,2,0,0
41583,validated_uniform,ZORP,9,11,3,2,1
41583,validated_uniform,ZORP,14,12,0,0,0
41583,validated_uniform,ZORP,14,12,1,2,0
41583,validated_uniform,ZORP,14,12,2,1,0
41583,validated_uniform,ZORP,14,12,3,1,0
41583,validated_hard,ZORP,5,3,0,1,0
41583,validated_hard,ZORP,5,3,1,0,0
41583,validated_hard,ZORP,5,3,2,2,1
41583,validated_hard,ZORP,8,7,0,3,1
41583,validated_hard,ZORP,7,3,0,1,0
41583,validated_hard,ZORP,7,3,1,0,1
41583,validated_hard,ZORP,8,5,0,3,1
41583,validated_hard,ZORP,3,2,0,1,0
41583,validated_hard,ZORP,3,2,1,1,0
41583,validated_hard,ZORP,3,2,2,3,0
41583,validated_hard,ZORP,3,2,3,1,0
41583,validated_hard,ZORP,3,3,0,2,0
41583,validated_hard,ZORP,3,3,1,1,0
41583,validated_hard,ZORP,3,3,2,1,0
41583,validated_hard,ZORP,3,3,3,3,0
41583,validated_hard,ZORP,4,6,0,2,0
41583,validated_hard,ZORP,4,6,1,1,1
41583,validated_hard,ZORP,3,8,0,0,0
41583,validated_hard,ZORP,3,8,1,0,0
41583,validated_hard,ZORP,3,8,2,3,0
41583,validated_hard,ZORP,3,8,3,0,0
41583,validated_hard,ZORP,8,3,0,3,1
41583,validated_hard,ZORP,4,8,0,0,0
41583,validated_hard,ZORP,4,8,1,0,0
41583,validated_hard,ZORP,4,8,2,0,0
41583,validated_hard,ZORP,4,8,3,2,0
41583,validated_hard,ZORP,5,2,0,2,0
41583,validated_hard,ZORP,5,2,1,1,0
41583,validated_hard,ZORP,5,2,2,1,0
41583,validated_hard,ZORP,5,2,3,1,0
41583,validated_hard,ZORP,8,6,0,1,1
41583,validated_hard,ZORP,13,7,0,1,0
41583,validated_hard,ZORP,13,7,1,3,0
41583,validated_hard,ZORP,13,7,2,1,0
41583,validated_hard,ZORP,13,7,3,1,0
41583,validated_hard,ZORP,7,2,0,0,0
41583,validated_hard,ZORP,7,2,1,3,0
41583,validated_hard,ZORP,7,2,2,1,0
41583,validated_hard,ZORP,7,2,3,2,1
41583,validated_hard,ZORP,3,0,0,1,0
41583,validated_hard,ZORP,3,0,1,0,0
41583,validated_hard,ZORP,3,0,2,2,1
41583,validated_hard,ZORP,8,8,0,0,0
41583,validated_hard,ZORP,8,8,1,0,0
41583,validated_hard,ZORP,8,8,2,3,0
41583,validated_hard,ZORP,8,8,3,0,0
41583,validated_hard,ZORP,7,9,0,1,0
41583,validated_hard,ZORP,7,9,1,1,0
41583,validated_hard,ZORP,7,9,2,2,0
41583,validated_hard,ZORP,7,9,3,2,0
41583,validated_hard,ZORP,6,8,0,3,1
41583,validated_hard,ZORP,3,9,0,3,0
41583,validated_hard,ZORP,3,9,1,2,0
41583,validated_hard,ZORP,3,9,2,1,0
41583,validated_hard,ZORP,3,9,3,1,0
41583,validated_hard,ZORP,11,7,0,0,1
41583,validated_hard,ZORP,13,5,0,0,0
41583,validated_hard,ZORP,13,5,1,0,0
41583,validated_hard,ZORP,13,5,2,3,0
41583,validated_hard,ZORP,13,5,3,3,0
41583,validated_hard,ZORP,8,1,0,2,0
41583,validated_hard,ZORP,8,1,1,2,0
41583,validated_hard,ZORP,8,1,2,0,0
41583,validated_hard,ZORP,8,1,3,3,1
41583,validated_hard,ZORP,9,7,0,0,0
41583,validated_hard,ZORP,9,7,1,3,0
41583,validated_hard,ZORP,9,7,2,0,0
41583,validated_hard,ZORP,9,7,3,3,0
41583,validated_hard,ZORP,2,4,0,3,1
41583,validated_hard,ZORP,14,8,0,0,0
41583,validated_hard,ZORP,14,8,1,1,0
41583,validated_hard,ZORP,14,8,2,1,0
41583,validated_hard,ZORP,14,8,3,2,0
41583,validated_hard,ZORP,14,3,0,1,1
41583,validated_hard,ZORP,14,6,0,1,0
41583,validated_hard,ZORP,14,6,1,3,1
41583,validated_hard,ZORP,13,8,0,0,1
41583,validated_hard,ZORP,13,3,0,2,1
41583,validated_hard,ZORP,12,5,0,2,0
41583,validated_hard,ZORP,12,5,1,2,0
41583,validated_hard,ZORP,12,5,2,3,1
41583,validated_hard,ZORP,9,5,0,0,0
41583,validated_hard,ZORP,9,5,1,3,0
41583,validated_hard,ZORP,9,5,2,2,1
41583,validated_hard,ZORP,11,4,0,1,0
41583,validated_hard,ZORP,11,4,1,1,0
41583,validated_hard,ZORP,11,4,2,0,0
41583,validated_hard,ZORP,11,4,3,2,1
41583,validated_hard,ZORP,9,4,0,1,0
41583,validated_hard,ZORP,9,4,1,1,0
41583,validated_hard,ZORP,9,4,2,1,0
41583,validated_hard,ZORP,9,4,3,0,1
41583,validated_hard,ZORP,13,2,0,2,0
41583,validated_hard,ZORP,13,2,1,2,0
41583,validated_hard,ZORP,13,2,2,0,1
41583,validated_hard,ZORP,14,9,0,0,0
41583,validated_hard,ZORP,14,9,1,0,0
41583,validated_hard,ZORP,14,9,2,3,0
41583,validated_hard,ZORP,14,9,3,0,0
41583,validated_hard,ZORP,15,6,0,2,1
41583,validated_hard,ZORP,0,8,0,3,0
41583,validated_hard,ZORP,0,8,1,1,1
41583,validated_hard,ZORP,13,9,0,0,0
41583,validated_hard,ZORP,13,9,1,0,0
41583,validated_hard,ZORP,13,9,2,3,0
41583,validated_hard,ZORP,13,9,3,3,0
41583,validated_hard,ZORP,9,3,0,2,1
41583,validated_hard,ZORP,2,6,0,2,0
41583,validated_hard,ZORP,2,6,1,3,1
41583,validated_hard,ZORP,7,15,0,1,0
41583,validated_hard,ZORP,7,15,1,0,1
41583,validated_hard,ZORP,12,6,0,1,1
41583,validated_hard,ZORP,10,7,0,3,0
41583,validated_hard,ZORP,10,7,1,3,0
41583,validated_hard,ZORP,10,7,2,1,1
41583,validated_hard,ZORP,15,2,0,1,0
41583,validated_hard,ZORP,15,2,1,1,0
41583,validated_hard,ZORP,15,2,2,0,0
41583,validated_hard,ZORP,15,2,3,3,0
41583,validated_hard,ZORP,0,0,0,1,1
41583,validated_hard,ZORP,7,11,0,0,1
41583,validated_hard,ZORP,4,11,0,0,0
41583,validated_hard,ZORP,4,11,1,0,0
41583,validated_hard,ZORP,4,11,2,1,0
41583,validated_hard,ZORP,4,11,3,2,0
41583,validated_hard,ZORP,9,6,0,0,1
41583,validated_dream,ZORP,8,7,0,1,0
41583,validated_dream,ZORP,8,7,1,0,0
41583,validated_dream,ZORP,8,7,2,2,0
41583,validated_dream,ZORP,8,7,3,1,0
41583,validated_dream,ZORP,8,5,0,2,0
41583,validated_dream,ZORP,8,5,1,0,0
41583,validated_dream,ZORP,8,5,2,2,0
41583,validated_dream,ZORP,8,5,3,3,1
41583,validated_dream,ZORP,3,8,0,0,0
41583,validated_dream,ZORP,3,8,1,1,0
41583,validated_dream,ZORP,3,8,2,0,0
41583,validated_dream,ZORP,3,8,3,0,0
41583,validated_dream,ZORP,8,3,0,0,0
41583,validated_dream,ZORP,8,3,1,2,0
41583,validated_dream,ZORP,8,3,2,2,0
41583,validated_dream,ZORP,8,3,3,2,0
41583,validated_dream,ZORP,4,8,0,1,1
41583,validated_dream,ZORP,8,6,0,0,0
41583,validated_dream,ZORP,8,6,1,3,0
41583,validated_dream,ZORP,8,6,2,0,0
41583,validated_dream,ZORP,8,6,3,0,0
41583,validated_dream,ZORP,13,7,0,3,0
41583,validated_dream,ZORP,13,7,1,1,0
41583,validated_dream,ZORP,13,7,2,3,0
41583,validated_dream,ZORP,13,7,3,1,0
41583,validated_dream,ZORP,7,9,0,2,0
41583,validated_dream,ZORP,7,9,1,1,0
41583,validated_dream,ZORP,7,9,2,1,0
41583,validated_dream,ZORP,7,9,3,0,1
41583,validated_dream,ZORP,6,8,0,0,0
41583,validated_dream,ZORP,6,8,1,2,0
41583,validated_dream,ZORP,6,8,2,2,0
41583,validated_dream,ZORP,6,8,3,0,0
41583,validated_dream,ZORP,3,9,0,2,0
41583,validated_dream,ZORP,3,9,1,3,0
41583,validated_dream,ZORP,3,9,2,1,0
41583,validated_dream,ZORP,3,9,3,1,0
41583,validated_dream,ZORP,11,7,0,3,0
41583,validated_dream,ZORP,11,7,1,0,1
41583,validated_dream,ZORP,13,5,0,2,1
41583,validated_dream,ZORP,8,1,0,1,0
41583,validated_dream,ZORP,8,1,1,1,0
41583,validated_dream,ZORP,8,1,2,3,1
41583,validated_dream,ZORP,9,7,0,1,0
41583,validated_dream,ZORP,9,7,1,2,1
41583,validated_dream,ZORP,14,3,0,3,0
41583,validated_dream,ZORP,14,3,1,2,0
41583,validated_dream,ZORP,14,3,2,2,0
41583,validated_dream,ZORP,14,3,3,3,0
41583,validated_dream,ZORP,14,6,0,2,0
41583,validated_dream,ZORP,14,6,1,2,0
41583,validated_dream,ZORP,14,6,2,1,0
41583,validated_dream,ZORP,14,6,3,0,0
41583,validated_dream,ZORP,13,3,0,3,0
41583,validated_dream,ZORP,13,3,1,1,0
41583,validated_dream,ZORP,13,3,2,0,0
41583,validated_dream,ZORP,13,3,3,2,1
41583,validated_dream,ZORP,12,5,0,3,1
41583,validated_dream,ZORP,9,5,0,0,0
41583,validated_dream,ZORP,9,5,1,1,0
41583,validated_dream,ZORP,9,5,2,3,0
41583,validated_dream,ZORP,9,5,3,2,1
41583,validated_dream,ZORP,11,4,0,3,0
41583,validated_dream,ZORP,11,4,1,2,1
41583,validated_dream,ZORP,9,4,0,0,1
41583,validated_dream,ZORP,13,2,0,3,0
41583,validated_dream,ZORP,13,2,1,0,1
41583,validated_dream,ZORP,15,6,0,3,0
41583,validated_dream,ZORP,15,6,1,2,1
41583,validated_dream,ZORP,0,8,0,1,1
41583,validated_dream,ZORP,9,3,0,1,0
41583,validated_dream,ZORP,9,3,1,0,0
41583,validated_dream,ZORP,9,3,2,3,0
41583,validated_dream,ZORP,9,3,3,0,0
41583,validated_dream,ZORP,7,15,0,0,1
41583,validated_dream,ZORP,12,6,0,3,0
41583,validated_dream,ZORP,12,6,1,1,1
41583,validated_dream,ZORP,10,7,0,1,1
41583,validated_dream,ZORP,15,2,0,0,0
41583,validated_dream,ZORP,15,2,1,1,0
41583,validated_dream,ZORP,15,2,2,0,0
41583,validated_dream,ZORP,15,2,3,1,0
41583,validated_dream,ZORP,7,11,0,1,0
41583,validated_dream,ZORP,7,11,1,1,0
41583,validated_dream,ZORP,7,11,2,3,0
41583,validated_dream,ZORP,7,11,3,3,0
41583,validated_dream,ZORP,4,11,0,3,1
41583,validated_dream,ZORP,9,6,0,1,0
41583,validated_dream,ZORP,9,6,1,3,0
41583,validated_dream,ZORP,9,6,2,3,0
41583,validated_dream,ZORP,9,6,3,0,1
41583,validated_dream,ZORP,3,13,0,3,0
41583,validated_dream,ZORP,3,13,1,0,1
41583,validated_dream,ZORP,3,14,0,2,1
41583,validated_dream,ZORP,1,8,0,0,1
41583,validated_dream,ZORP,3,11,0,3,0
41583,validated_dream,ZORP,3,11,1,3,0
41583,validated_dream,ZORP,3,11,2,1,0
41583,validated_dream,ZORP,3,11,3,0,1
41583,validated_dream,ZORP,3,15,0,1,0
41583,validated_dream,ZORP,3,15,1,1,0
41583,validated_dream,ZORP,3,15,2,1,0
41583,validated_dream,ZORP,3,15,3,3,0
41583,validated_dream,ZORP,14,0,0,3,1
41583,validated_dream,ZORP,10,5,0,0,0
41583,validated_dream,ZORP,10,5,1,1,1
41583,validated_dream,ZORP,9,2,0,0,1
41583,validated_dream,ZORP,10,4,0,1,0
41583,validated_dream,ZORP,10,4,1,1,0
41583,validated_dream,ZORP,10,4,2,0,0
41583,validated_dream,ZORP,10,4,3,1,0
41583,validated_dream,ZORP,4,10,0,0,0
41583,validated_dream,ZORP,4,10,1,1,1
41583,validated_dream,ZORP,6,13,0,0,0
41583,validated_dream,ZORP,6,13,1,1,1
41583,validated_dream,ZORP,9,1,0,0,0
41583,validated_dream,ZORP,9,1,1,2,1
41583,validated_dream,ZORP,5,10,0,2,0
41583,validated_dream,ZORP,5,10,1,1,0
41583,validated_dream,ZORP,5,10,2,3,0
41583,validated_dream,ZORP,5,10,3,0,1
41583,validated_dream,ZORP,12,0,0,3,0
41583,validated_dream,ZORP,12,0,1,0,0
41583,validated_dream,ZORP,12,0,2,0,0
41583,validated_dream,ZORP,12,0,3,0,0
41583,validated_dream,ZORP,3,10,0,0,0
41583,validated_dream,ZORP,3,10,1,2,1
41583,validated_dream,ZORP,6,14,0,3,1
41583,validated_hard_anchor,ZORP,5,3,0,3,0
41583,validated_hard_anchor,ZORP,5,3,1,2,1
41583,validated_hard_anchor,ZORP,8,7,0,2,0
41583,validated_hard_anchor,ZORP,8,7,1,0,0
41583,validated_hard_anchor,ZORP,8,7,2,1,0
41583,validated_hard_anchor,ZORP,8,7,3,2,0
41583,validated_hard_anchor,ZORP,7,3,0,3,0
41583,validated_hard_anchor,ZORP,7,3,1,0,1
41583,validated_hard_anchor,ZORP,8,5,0,3,1
41583,validated_hard_anchor,ZORP,3,2,0,1,0
41583,validated_hard_anchor,ZORP,3,2,1,1,0
41583,validated_hard_anchor,ZORP,3,2,2,3,0
41583,validated_hard_anchor,ZORP,3,2,3,1,0
41583,validated_hard_anchor,ZORP,3,3,0,1,0
41583,validated_hard_anchor,ZORP,3,3,1,1,0
41583,validated_hard_anchor,ZORP,3,3,2,1,0
41583,validated_hard_anchor,ZORP,3,3,3,0,1
41583,validated_hard_anchor,ZORP,4,6,0,3,0
41583,validated_hard_anchor,ZORP,4,6,1,3,0
41583,validated_hard_anchor,ZORP,4,6,2,0,0
41583,validated_hard_anchor,ZORP,4,6,3,0,0
41583,validated_hard_anchor,ZORP,3,8,0,2,1
41583,validated_hard_anchor,ZORP,8,3,0,0,0
41583,validated_hard_anchor,ZORP,8,3,1,2,0
41583,validated_hard_anchor,ZORP,8,3,2,2,0
41583,validated_hard_anchor,ZORP,8,3,3,2,0
41583,validated_hard_anchor,ZORP,4,8,0,0,0
41583,validated_hard_anchor,ZORP,4,8,1,1,1
41583,validated_hard_anchor,ZORP,5,2,0,0,1
41583,validated_hard_anchor,ZORP,8,6,0,2,0
41583,validated_hard_anchor,ZORP,8,6,1,3,0
41583,validated_hard_anchor,ZORP,8,6,2,0,0
41583,validated_hard_anchor,ZORP,8,6,3,1,1
41583,validated_hard_anchor,ZORP,13,7,0,0,0
41583,validated_hard_anchor,ZORP,13,7,1,2,1
41583,validated_hard_anchor,ZORP,7,2,0,0,0
41583,validated_hard_anchor,ZORP,7,2,1,0,0
41583,validated_hard_anchor,ZORP,7,2,2,2,1
41583,validated_hard_anchor,ZORP,3,0,0,0,0
41583,validated_hard_anchor,ZORP,3,0,1,2,1
41583,validated_hard_anchor,ZORP,8,8,0,3,0
41583,validated_hard_anchor,ZORP,8,8,1,3,0
41583,validated_hard_anchor,ZORP,8,8,2,1,1
41583,validated_hard_anchor,ZORP,7,9,0,1,0
41583,validated_hard_anchor,ZORP,7,9,1,1,0
41583,validated_hard_anchor,ZORP,7,9,2,2,0
41583,validated_hard_anchor,ZORP,7,9,3,1,0
41583,validated_hard_anchor,ZORP,6,8,0,0,0
41583,validated_hard_anchor,ZORP,6,8,1,2,0
41583,validated_hard_anchor,ZORP,6,8,2,1,0
41583,validated_hard_anchor,ZORP,6,8,3,0,0
41583,validated_hard_anchor,ZORP,3,9,0,0,1
41583,validated_hard_anchor,ZORP,11,7,0,3,0
41583,validated_hard_anchor,ZORP,11,7,1,1,0
41583,validated_hard_anchor,ZORP,11,7,2,3,0
41583,validated_hard_anchor,ZORP,11,7,3,3,0
41583,validated_hard_anchor,ZORP,13,5,0,1,0
41583,validated_hard_anchor,ZORP,13,5,1,3,0
41583,validated_hard_anchor,ZORP,13,5,2,0,0
41583,validated_hard_anchor,ZORP,13,5,3,3,0
41583,validated_hard_anchor,ZORP,8,1,0,3,1
41583,validated_hard_anchor,ZORP,9,7,0,0,0
41583,validated_hard_anchor,ZORP,9,7,1,1,0
41583,validated_hard_anchor,ZORP,9,7,2,3,0
41583,validated_hard_anchor,ZORP,9,7,3,2,1
41583,validated_hard_anchor,ZORP,2,4,0,0,0
41583,validated_hard_anchor,ZORP,2,4,1,1,0
41583,validated_hard_anchor,ZORP,2,4,2,3,1
41583,validated_hard_anchor,ZORP,14,8,0,3,1
41583,validated_hard_anchor,ZORP,14,3,0,3,0
41583,validated_hard_anchor,ZORP,14,3,1,1,1
41583,validated_hard_anchor,ZORP,14,6,0,1,0
41583,validated_hard_anchor,ZORP,14,6,1,0,0
41583,validated_hard_anchor,ZORP,14,6,2,0,0
41583,validated_hard_anchor,ZORP,14,6,3,0,0
41583,validated_hard_anchor,ZORP,13,8,0,1,0
41583,validated_hard_anchor,ZORP,13,8,1,2,0
41583,validated_hard_anchor,ZORP,13,8,2,2,0
41583,validated_hard_anchor,ZORP,13,8,3,3,0
41583,validated_hard_anchor,ZORP,13,3,0,0,0
41583,validated_hard_anchor,ZORP,13,3,1,0,0
41583,validated_hard_anchor,ZORP,13,3,2,0,0
41583,validated_hard_anchor,ZORP,13,3,3,3,0
41583,validated_hard_anchor,ZORP,12,5,0,3,1
41583,validated_hard_anchor,ZORP,9,5,0,2,1
41583,validated_hard_anchor,ZORP,11,4,0,3,0
41583,validated_hard_anchor,ZORP,11,4,1,0,0
41583,validated_hard_anchor,ZORP,11,4,2,2,1
41583,validated_hard_anchor,ZORP,9,4,0,1,0
41583,validated_hard_anchor,ZORP,9,4,1,3,0
41583,validated_hard_anchor,ZORP,9,4,2,0,1
41583,validated_hard_anchor,ZORP,13,2,0,2,0
41583,validated_hard_anchor,ZORP,13,2,1,3,0
41583,validated_hard_anchor,ZORP,13,2,2,0,1
41583,validated_hard_anchor,ZORP,14,9,0,2,0
41583,validated_hard_anchor,ZORP,14,9,1,3,0
41583,validated_hard_anchor,ZORP,14,9,2,0,0
41583,validated_hard_anchor,ZORP,14,9,3,0,0
41583,validated_hard_anchor,ZORP,15,6,0,2,1
41583,validated_hard_anchor,ZORP,0,8,0,1,1
41583,validated_hard_anchor,ZORP,13,9,0,1,0
41583,validated_hard_anchor,ZORP,13,9,1,0,0
41583,validated_hard_anchor,ZORP,13,9,2,0,0
41583,validated_hard_anchor,ZORP,13,9,3,2,1
41583,validated_hard_anchor,ZORP,9,3,0,1,0
41583,validated_hard_anchor,ZORP,9,3,1,3,0
41583,validated_hard_anchor,ZORP,9,3,2,0,0
41583,validated_hard_anchor,ZORP,9,3,3,1,0
41583,validated_hard_anchor,ZORP,2,6,0,1,0
41583,validated_hard_anchor,ZORP,2,6,1,0,0
41583,validated_hard_anchor,ZORP,2,6,2,2,0
41583,validated_hard_anchor,ZORP,2,6,3,1,0
41583,validated_hard_anchor,ZORP,7,15,0,1,0
41583,validated_hard_anchor,ZORP,7,15,1,2,0
41583,validated_hard_anchor,ZORP,7,15,2,3,0
41583,validated_hard_anchor,ZORP,7,15,3,3,0
41583,validated_hard_anchor,ZORP,12,6,0,0,0
41583,validated_hard_anchor,ZORP,12,6,1,0,0
41583,validated_hard_anchor,ZORP,12,6,2,3,0
41583,validated_hard_anchor,ZORP,12,6,3,2,0
41583,validated_hard_anchor,ZORP,10,7,0,0,0
41583,validated_hard_anchor,ZORP,10,7,1,1,1
41583,validated_hard_anchor,ZORP,15,2,0,3,0
41583,validated_hard_anchor,ZORP,15,2,1,0,0
41583,validated_hard_anchor,ZORP,15,2,2,0,0
41583,validated_hard_anchor,ZORP,15,2,3,2,1
41583,validated_hard_anchor,ZORP,0,0,0,3,0
41583,validated_hard_anchor,ZORP,0,0,1,3,0
41583,validated_hard_anchor,ZORP,0,0,2,2,0
41583,validated_hard_anchor,ZORP,0,0,3,3,0
41583,validated_hard_anchor,ZORP,7,11,0,0,1
41583,validated_hard_anchor,ZORP,4,11,0,2,0
41583,validated_hard_anchor,ZORP,4,11,1,0,0
41583,validated_hard_anchor,ZORP,4,11,2,3,1
41583,validated_hard_anchor,ZORP,9,6,0,3,0
41583,validated_hard_anchor,ZORP,9,6,1,3,0
41583,validated_hard_anchor,ZORP,9,6,2,1,0
41583,validated_hard_anchor,ZORP,9,6,3,1,0
41680,validated_uniform,ZORP,4,11,0,0,1
41680,validated_uniform,ZORP,9,5,0,3,0
41680,validated_uniform,ZORP,9,5,1,0,0
41680,validated_uniform,ZORP,9,5,2,2,1
41680,validated_uniform,ZORP,5,12,0,0,0
41680,validated_uniform,ZORP,5,12,1,0,0
41680,validated_uniform,ZORP,5,12,2,0,0
41680,validated_uniform,ZORP,5,12,3,1,1
41680,validated_uniform,ZORP,3,5,0,3,1
41680,validated_uniform,ZORP,9,4,0,0,0
41680,validated_uniform,ZORP,9,4,1,2,0
41680,validated_uniform,ZORP,9,4,2,2,0
41680,validated_uniform,ZORP,9,4,3,1,1
41680,validated_uniform,ZORP,11,0,0,3,0
41680,validated_uniform,ZORP,11,0,1,0,1
41680,validated_uniform,ZORP,10,4,0,3,0
41680,validated_uniform,ZORP,10,4,1,1,0
41680,validated_uniform,ZORP,10,4,2,0,0
41680,validated_uniform,ZORP,10,4,3,1,0
41680,validated_uniform,ZORP,13,6,0,3,0
41680,validated_uniform,ZORP,13,6,1,3,0
41680,validated_uniform,ZORP,13,6,2,1,0
41680,validated_uniform,ZORP,13,6,3,1,0
41680,validated_uniform,ZORP,4,4,0,2,0
41680,validated_uniform,ZORP,4,4,1,2,0
41680,validated_uniform,ZORP,4,4,2,0,0
41680,validated_uniform,ZORP,4,4,3,2,0
41680,validated_uniform,ZORP,2,8,0,1,0
41680,validated_uniform,ZORP,2,8,1,0,0
41680,validated_uniform,ZORP,2,8,2,1,0
41680,validated_uniform,ZORP,2,8,3,3,0
41680,validated_uniform,ZORP,11,14,0,0,0
41680,validated_uniform,ZORP,11,14,1,1,1
41680,validated_uniform,ZORP,15,2,0,2,0
41680,validated_uniform,ZORP,15,2,1,1,1
41680,validated_uniform,ZORP,12,15,0,0,1
41680,validated_uniform,ZORP,0,12,0,0,0
41680,validated_uniform,ZORP,0,12,1,0,0
41680,validated_uniform,ZORP,0,12,2,2,0
41680,validated_uniform,ZORP,0,12,3,1,0
41680,validated_uniform,ZORP,10,5,0,0,1
41680,validated_uniform,ZORP,8,7,0,3,0
41680,validated_uniform,ZORP,8,7,1,3,0
41680,validated_uniform,ZORP,8,7,2,3,0
41680,validated_uniform,ZORP,8,7,3,0,1
41680,validated_uniform,ZORP,15,1,0,3,1
41680,validated_uniform,ZORP,6,12,0,0,0
41680,validated_uniform,ZORP,6,12,1,1,0
41680,validated_uniform,ZORP,6,12,2,1,0
41680,validated_uniform,ZORP,6,12,3,1,0
41680,validated_uniform,ZORP,13,10,0,1,0
41680,validated_uniform,ZORP,13,10,1,1,0
41680,validated_uniform,ZORP,13,10,2,2,0
41680,validated_uniform,ZORP,13,10,3,3,0
41680,validated_uniform,ZORP,4,1,0,1,1
41680,validated_uniform,ZORP,2,13,0,2,0
41680,validated_uniform,ZORP,2,13,1,2,0
41680,validated_uniform,ZORP,2,13,2,0,1
41680,validated_uniform,ZORP,5,2,0,2,0
41680,validated_uniform,ZORP,5,2,1,2,0
41680,validated_uniform,ZORP,5,2,2,0,1
41680,validated_uniform,ZORP,5,3,0,0,0
41680,validated_uniform,ZORP,5,3,1,2,0
41680,validated_uniform,ZORP,5,3,2,3,1
41680,validated_uniform,ZORP,14,4,0,1,0
41680,validated_uniform,ZORP,14,4,1,0,0
41680,validated_uniform,ZORP,14,4,2,0,0
41680,validated_uniform,ZORP,14,4,3,1,0
41680,validated_uniform,ZORP,9,7,0,2,0
41680,validated_uniform,ZORP,9,7,1,3,1
41680,validated_uniform,ZORP,2,1,0,2,0
41680,validated_uniform,ZORP,2,1,1,1,0
41680,validated_uniform,ZORP,2,1,2,2,0
41680,validated_uniform,ZORP,2,1,3,1,0
41680,validated_uniform,ZORP,1,10,0,3,0
41680,validated_uniform,ZORP,1,10,1,0,1
41680,validated_uniform,ZORP,5,10,0,1,0
41680,validated_uniform,ZORP,5,10,1,0,1
41680,validated_uniform,ZORP,15,6,0,0,0
41680,validated_uniform,ZORP,15,6,1,1,1
41680,validated_uniform,ZORP,11,11,0,1,0
41680,validated_uniform,ZORP,11,11,1,3,0
41680,validated_uniform,ZORP,11,11,2,3,0
41680,validated_uniform,ZORP,11,11,3,2,1
41680,validated_uniform,ZORP,10,9,0,1,0
41680,validated_uniform,ZORP,10,9,1,0,1
41680,validated_uniform,ZORP,10,2,0,2,0
41680,validated_uniform,ZORP,10,2,1,3,1
41680,validated_uniform,ZORP,2,14,0,1,0
41680,validated_uniform,ZORP,2,14,1,0,0
41680,validated_uniform,ZORP,2,14,2,0,0
41680,validated_uniform,ZORP,2,14,3,1,0
41680,validated_uniform,ZORP,8,0,0,3,1
41680,validated_uniform,ZORP,7,3,0,2,1
41680,validated_uniform,ZORP,10,15,0,1,1
41680,validated_uniform,ZORP,14,6,0,0,0
41680,validated_uniform,ZORP,14,6,1,0,0
41680,validated_uniform,ZORP,14,6,2,3,1
41680,validated_uniform,ZORP,11,6,0,0,0
41680,validated_uniform,ZORP,11,6,1,0,0
41680,validated_uniform,ZORP,11,6,2,0,0
41680,validated_uniform,ZORP,11,6,3,1,1
41680,validated_uniform,ZORP,8,12,0,1,0
41680,validated_uniform,ZORP,8,12,1,2,0
41680,validated_uniform,ZORP,8,12,2,0,0
41680,validated_uniform,ZORP,8,12,3,2,0
41680,validated_uniform,ZORP,5,8,0,0,0
41680,validated_uniform,ZORP,5,8,1,0,0
41680,validated_uniform,ZORP,5,8,2,0,0
41680,validated_uniform,ZORP,5,8,3,2,0
41680,validated_uniform,ZORP,1,14,0,2,0
41680,validated_uniform,ZORP,1,14,1,2,0
41680,validated_uniform,ZORP,1,14,2,0,1
41680,validated_uniform,ZORP,14,13,0,3,0
41680,validated_uniform,ZORP,14,13,1,1,0
41680,validated_uniform,ZORP,14,13,2,0,1
41680,validated_uniform,ZORP,5,9,0,1,0
41680,validated_uniform,ZORP,5,9,1,3,0
41680,validated_uniform,ZORP,5,9,2,0,0
41680,validated_uniform,ZORP,5,9,3,1,0
41680,validated_uniform,ZORP,8,6,0,3,0
41680,validated_uniform,ZORP,8,6,1,0,0
41680,validated_uniform,ZORP,8,6,2,2,1
41680,validated_uniform,ZORP,13,0,0,0,0
41680,validated_uniform,ZORP,13,0,1,2,0
41680,validated_uniform,ZORP,13,0,2,0,0
41680,validated_uniform,ZORP,13,0,3,0,0
41680,validated_uniform,ZORP,9,12,0,0,0
41680,validated_uniform,ZORP,9,12,1,1,1
41680,validated_uniform,ZORP,4,15,0,3,0
41680,validated_uniform,ZORP,4,15,1,0,1
41680,validated_uniform,ZORP,11,4,0,0,1
41680,validated_hard,ZORP,14,13,0,2,0
41680,validated_hard,ZORP,14,13,1,3,0
41680,validated_hard,ZORP,14,13,2,2,0
41680,validated_hard,ZORP,14,13,3,2,0
41680,validated_hard,ZORP,15,7,0,0,0
41680,validated_hard,ZORP,15,7,1,3,0
41680,validated_hard,ZORP,15,7,2,0,0
41680,validated_hard,ZORP,15,7,3,0,0
41680,validated_hard,ZORP,12,7,0,2,0
41680,validated_hard,ZORP,12,7,1,0,1
41680,validated_hard,ZORP,7,3,0,3,0
41680,validated_hard,ZORP,7,3,1,1,0
41680,validated_hard,ZORP,7,3,2,3,0
41680,validated_hard,ZORP,7,3,3,2,1
41680,validated_hard,ZORP,13,15,0,0,0
41680,validated_hard,ZORP,13,15,1,0,0
41680,validated_hard,ZORP,13,15,2,1,0
41680,validated_hard,ZORP,13,15,3,3,1
41680,validated_hard,ZORP,15,5,0,1,0
41680,validated_hard,ZORP,15,5,1,3,1
41680,validated_hard,ZORP,15,14,0,3,0
41680,validated_hard,ZORP,15,14,1,1,1
41680,validated_hard,ZORP,8,7,0,2,0
41680,validated_hard,ZORP,8,7,1,1,0
41680,validated_hard,ZORP,8,7,2,3,0
41680,validated_hard,ZORP,8,7,3,1,0
41680,validated_hard,ZORP,14,11,0,0,0
41680,validated_hard,ZORP,14,11,1,2,0
41680,validated_hard,ZORP,14,11,2,1,1
41680,validated_hard,ZORP,13,6,0,1,0
41680,validated_hard,ZORP,13,6,1,0,1
41680,validated_hard,ZORP,13,4,0,1,1
41680,validated_hard,ZORP,14,4,0,3,0
41680,validated_hard,ZORP,14,4,1,0,0
41680,validated_hard,ZORP,14,4,2,3,0
41680,validated_hard,ZORP,14,4,3,2,1
41680,validated_hard,ZORP,14,6,0,3,1
41680,validated_hard,ZORP,15,0,0,0,1
41680,validated_hard,ZORP,15,6,0,1,1
41680,validated_hard,ZORP,7,9,0,1,0
41680,validated_hard,ZORP,7,9,1,1,0
41680,validated_hard,ZORP,7,9,2,1,0
41680,validated_hard,ZORP,7,9,3,0,0
41680,validated_hard,ZORP,13,10,0,3,0
41680,validated_hard,ZORP,13,10,1,2,0
41680,validated_hard,ZORP,13,10,2,0,1
41680,validated_hard,ZORP,7,12,0,2,0
41680,validated_hard,ZORP,7,12,1,3,0
41680,validated_hard,ZORP,7,12,2,3,0
41680,validated_hard,ZORP,7,12,3,3,0
41680,validated_hard,ZORP,15,1,0,0,0
41680,validated_hard,ZORP,15,1,1,0,0
41680,validated_hard,ZORP,15,1,2,3,1
41680,validated_hard,ZORP,7,11,0,0,0
41680,validated_hard,ZORP,7,11,1,1,0
41680,validated_hard,ZORP,7,11,2,2,1
41680,validated_hard,ZORP,11,14,0,0,0
41680,validated_hard,ZORP,11,14,1,0,0
41680,validated_hard,ZORP,11,14,2,3,0
41680,validated_hard,ZORP,11,14,3,0,0
41680,validated_hard,ZORP,5,13,0,0,0
41680,validated_hard,ZORP,5,13,1,1,0
41680,validated_hard,ZORP,5,13,2,1,0
41680,validated_hard,ZORP,5,13,3,1,0
41680,validated_hard,ZORP,15,2,0,0,0
41680,validated_hard,ZORP,15,2,1,1,1
41680,validated_hard,ZORP,9,7,0,0,0
41680,validated_hard,ZORP,9,7,1,2,0
41680,validated_hard,ZORP,9,7,2,0,0
41680,validated_hard,ZORP,9,7,3,0,0
41680,validated_hard,ZORP,12,15,0,2,0
41680,validated_hard,ZORP,12,15,1,2,0
41680,validated_hard,ZORP,12,15,2,0,1
41680,validated_hard,ZORP,11,9,0,2,0
41680,validated_hard,ZORP,11,9,1,2,0
41680,validated_hard,ZORP,11,9,2,0,0
41680,validated_hard,ZORP,11,9,3,0,0
41680,validated_hard,ZORP,13,0,0,0,0
41680,validated_hard,ZORP,13,0,1,2,0
41680,validated_hard,ZORP,13,0,2,1,1
41680,validated_hard,ZORP,11,6,0,0,0
41680,validated_hard,ZORP,11,6,1,3,0
41680,validated_hard,ZORP,11,6,2,2,0
41680,validated_hard,ZORP,11,6,3,0,0
41680,validated_hard,ZORP,14,0,0,2,1
41680,validated_hard,ZORP,12,8,0,0,0
41680,validated_hard,ZORP,12,8,1,0,0
41680,validated_hard,ZORP,12,8,2,2,0
41680,validated_hard,ZORP,12,8,3,2,0
41680,validated_hard,ZORP,13,1,0,2,1
41680,validated_hard,ZORP,12,6,0,1,0
41680,validated_hard,ZORP,12,6,1,2,1
41680,validated_hard,ZORP,11,4,0,1,0
41680,validated_hard,ZORP,11,4,1,0,1
41680,validated_hard,ZORP,5,3,0,1,0
41680,validated_hard,ZORP,5,3,1,2,0
41680,validated_hard,ZORP,5,3,2,2,0
41680,validated_hard,ZORP,5,3,3,1,0
41680,validated_hard,ZORP,11,11,0,2,1
41680,validated_hard,ZORP,4,7,0,2,0
41680,validated_hard,ZORP,4,7,1,1,0
41680,validated_hard,ZORP,4,7,2,2,0
41680,validated_hard,ZORP,4,7,3,2,0
41680,validated_hard,ZORP,9,13,0,1,0
41680,validated_hard,ZORP,9,13,1,3,0
41680,validated_hard,ZORP,9,13,2,0,0
41680,validated_hard,ZORP,9,13,3,2,1
41680,validated_hard,ZORP,2,13,0,1,0
41680,validated_hard,ZORP,2,13,1,1,0
41680,validated_hard,ZORP,2,13,2,2,0
41680,validated_hard,ZORP,2,13,3,3,0
41680,validated_hard,ZORP,11,0,0,0,1
41680,validated_hard,ZORP,9,5,0,2,1
41680,validated_hard,ZORP,3,3,0,0,0
41680,validated_hard,ZORP,3,3,1,2,1
41680,validated_hard,ZORP,5,2,0,1,0
41680,validated_hard,ZORP,5,2,1,1,0
41680,validated_hard,ZORP,5,2,2,0,1
41680,validated_hard,ZORP,8,6,0,3,0
41680,validated_hard,ZORP,8,6,1,1,0
41680,validated_hard,ZORP,8,6,2,3,0
41680,validated_hard,ZORP,8,6,3,0,0
41680,validated_hard,ZORP,4,15,0,2,0
41680,validated_hard,ZORP,4,15,1,2,0
41680,validated_hard,ZORP,4,15,2,2,0
41680,validated_hard,ZORP,4,15,3,3,0
41680,validated_hard,ZORP,4,4,0,0,0
41680,validated_hard,ZORP,4,4,1,2,0
41680,validated_hard,ZORP,4,4,2,0,0
41680,validated_hard,ZORP,4,4,3,0,0
41680,validated_hard,ZORP,3,2,0,1,1
41680,validated_hard,ZORP,5,8,0,2,0
41680,validated_hard,ZORP,5,8,1,2,0
41680,validated_hard,ZORP,5,8,2,3,0
41680,validated_hard,ZORP,5,8,3,1,1
41680,validated_hard,ZORP,10,5,0,3,0
41680,validated_hard,ZORP,10,5,1,3,0
41680,validated_hard,ZORP,10,5,2,2,0
41680,validated_hard,ZORP,10,5,3,3,0
41680,validated_dream,ZORP,15,7,0,2,1
41680,validated_dream,ZORP,12,7,0,1,0
41680,validated_dream,ZORP,12,7,1,0,1
41680,validated_dream,ZORP,15,5,0,1,0
41680,validated_dream,ZORP,15,5,1,2,0
41680,validated_dream,ZORP,15,5,2,0,0
41680,validated_dream,ZORP,15,5,3,3,1
41680,validated_dream,ZORP,8,7,0,3,0
41680,validated_dream,ZORP,8,7,1,2,0
41680,validated_dream,ZORP,8,7,2,2,0
41680,validated_dream,ZORP,8,7,3,1,0
41680,validated_dream,ZORP,13,6,0,2,0
41680,validated_dream,ZORP,13,6,1,3,0
41680,validated_dream,ZORP,13,6,2,1,0
41680,validated_dream,ZORP,13,6,3,0,1
41680,validated_dream,ZORP,13,4,0,1,1
41680,validated_dream,ZORP,14,4,0,0,0
41680,validated_dream,ZORP,14,4,1,1,0
41680,validated_dream,ZORP,14,4,2,0,0
41680,validated_dream,ZORP,14,4,3,2,1
41680,validated_dream,ZORP,14,6,0,0,0
41680,validated_dream,ZORP,14,6,1,1,0
41680,validated_dream,ZORP,14,6,2,0,0
41680,validated_dream,ZORP,14,6,3,1,0
41680,validated_dream,ZORP,15,0,0,2,0
41680,validated_dream,ZORP,15,0,1,1,0
41680,validated_dream,ZORP,15,0,2,0,1
41680,validated_dream,ZORP,15,6,0,0,0
41680,validated_dream,ZORP,15,6,1,1,1
41680,validated_dream,ZORP,7,9,0,3,1
41680,validated_dream,ZORP,7,12,0,0,1
41680,validated_dream,ZORP,15,1,0,0,0
41680,validated_dream,ZORP,15,1,1,1,0
41680,validated_dream,ZORP,15,1,2,0,0
41680,validated_dream,ZORP,15,1,3,0,0
41680,validated_dream,ZORP,7,11,0,0,0
41680,validated_dream,ZORP,7,11,1,0,0
41680,validated_dream,ZORP,7,11,2,0,0
41680,validated_dream,ZORP,7,11,3,3,0
41680,validated_dream,ZORP,5,13,0,1,0
41680,validated_dream,ZORP,5,13,1,2,1
41680,validated_dream,ZORP,15,2,0,3,0
41680,validated_dream,ZORP,15,2,1,3,0
41680,validated_dream,ZORP,15,2,2,1,1
41680,validated_dream,ZORP,9,7,0,3,1
41680,validated_dream,ZORP,13,0,0,0,0
41680,validated_dream,ZORP,13,0,1,2,0
41680,validated_dream,ZORP,13,0,2,1,1
41680,validated_dream,ZORP,11,6,0,1,1
41680,validated_dream,ZORP,14,0,0,1,0
41680,validated_dream,ZORP,14,0,1,0,0
41680,validated_dream,ZORP,14,0,2,0,0
41680,validated_dream,ZORP,14,0,3,0,0
41680,validated_dream,ZORP,13,1,0,0,0
41680,validated_dream,ZORP,13,1,1,1,0
41680,validated_dream,ZORP,13,1,2,1,0
41680,validated_dream,ZORP,13,1,3,1,0
41680,validated_dream,ZORP,12,6,0,0,0
41680,validated_dream,ZORP,12,6,1,2,1
41680,validated_dream,ZORP,11,4,0,1,0
41680,validated_dream,ZORP,11,4,1,3,0
41680,validated_dream,ZORP,11,4,2,2,0
41680,validated_dream,ZORP,11,4,3,0,1
41680,validated_dream,ZORP,2,13,0,1,0
41680,validated_dream,ZORP,2,13,1,0,1
41680,validated_dream,ZORP,11,0,0,2,0
41680,validated_dream,ZORP,11,0,1,2,0
41680,validated_dream,ZORP,11,0,2,1,0
41680,validated_dream,ZORP,11,0,3,1,0
41680,validated_dream,ZORP,9,5,0,3,0
41680,validated_dream,ZORP,9,5,1,3,0
41680,validated_dream,ZORP,9,5,2,0,0
41680,validated_dream,ZORP,9,5,3,2,1
41680,validated_dream,ZORP,8,6,0,2,1
41680,validated_dream,ZORP,4,15,0,3,0
41680,validated_dream,ZORP,4,15,1,2,0
41680,validated_dream,ZORP,4,15,2,2,0
41680,validated_dream,ZORP,4,15,3,3,0
41680,validated_dream,ZORP,5,8,0,0,0
41680,validated_dream,ZORP,5,8,1,2,0
41680,validated_dream,ZORP,5,8,2,3,0
41680,validated_dream,ZORP,5,8,3,1,1
41680,validated_dream,ZORP,10,5,0,2,0
41680,validated_dream,ZORP,10,5,1,3,0
41680,validated_dream,ZORP,10,5,2,3,0
41680,validated_dream,ZORP,10,5,3,0,1
41680,validated_dream,ZORP,9,3,0,0,0
41680,validated_dream,ZORP,9,3,1,1,0
41680,validated_dream,ZORP,9,3,2,0,0
41680,validated_dream,ZORP,9,3,3,0,0
41680,validated_dream,ZORP,1,14,0,3,0
41680,validated_dream,ZORP,1,14,1,0,1
41680,validated_dream,ZORP,5,12,0,2,0
41680,validated_dream,ZORP,5,12,1,0,0
41680,validated_dream,ZORP,5,12,2,2,0
41680,validated_dream,ZORP,5,12,3,2,0
41680,validated_dream,ZORP,4,11,0,0,1
41680,validated_dream,ZORP,6,15,0,1,1
41680,validated_dream,ZORP,9,4,0,3,0
41680,validated_dream,ZORP,9,4,1,0,0
41680,validated_dream,ZORP,9,4,2,2,0
41680,validated_dream,ZORP,9,4,3,1,1
41680,validated_dream,ZORP,2,14,0,1,0
41680,validated_dream,ZORP,2,14,1,0,0
41680,validated_dream,ZORP,2,14,2,2,0
41680,validated_dream,ZORP,2,14,3,0,0
41680,validated_dream,ZORP,10,3,0,2,0
41680,validated_dream,ZORP,10,3,1,2,0
41680,validated_dream,ZORP,10,3,2,3,0
41680,validated_dream,ZORP,10,3,3,2,0
41680,validated_dream,ZORP,5,9,0,1,0
41680,validated_dream,ZORP,5,9,1,2,1
41680,validated_dream,ZORP,10,4,0,2,1
41680,validated_dream,ZORP,0,13,0,1,1
41680,validated_dream,ZORP,4,8,0,0,0
41680,validated_dream,ZORP,4,8,1,2,0
41680,validated_dream,ZORP,4,8,2,0,0
41680,validated_dream,ZORP,4,8,3,0,0
41680,validated_dream,ZORP,2,9,0,2,0
41680,validated_dream,ZORP,2,9,1,3,0
41680,validated_dream,ZORP,2,9,2,1,0
41680,validated_dream,ZORP,2,9,3,1,0
41680,validated_dream,ZORP,3,8,0,1,0
41680,validated_dream,ZORP,3,8,1,0,1
41680,validated_dream,ZORP,2,8,0,1,0
41680,validated_dream,ZORP,2,8,1,3,0
41680,validated_dream,ZORP,2,8,2,0,0
41680,validated_dream,ZORP,2,8,3,3,0
41680,validated_dream,ZORP,6,12,0,1,0
41680,validated_dream,ZORP,6,12,1,0,0
41680,validated_dream,ZORP,6,12,2,0,0
41680,validated_dream,ZORP,6,12,3,2,1
41680,validated_dream,ZORP,6,8,0,3,0
41680,validated_dream,ZORP,6,8,1,0,0
41680,validated_dream,ZORP,6,8,2,1,0
41680,validated_dream,ZORP,6,8,3,0,0
41680,validated_dream,ZORP,2,11,0,2,0
41680,validated_dream,ZORP,2,11,1,3,0
41680,validated_dream,ZORP,2,11,2,1,1
41680,validated_hard_anchor,ZORP,14,13,0,0,1
41680,validated_hard_anchor,ZORP,15,7,0,3,0
41680,validated_hard_anchor,ZORP,15,7,1,0,0
41680,validated_hard_anchor,ZORP,15,7,2,3,0
41680,validated_hard_anchor,ZORP,15,7,3,0,0
41680,validated_hard_anchor,ZORP,12,7,0,0,1
41680,validated_hard_anchor,ZORP,7,3,0,2,1
41680,validated_hard_anchor,ZORP,13,15,0,3,1
41680,validated_hard_anchor,ZORP,15,5,0,1,0
41680,validated_hard_anchor,ZORP,15,5,1,0,0
41680,validated_hard_anchor,ZORP,15,5,2,3,1
41680,validated_hard_anchor,ZORP,15,14,0,3,0
41680,validated_hard_anchor,ZORP,15,14,1,2,0
41680,validated_hard_anchor,ZORP,15,14,2,2,0
41680,validated_hard_anchor,ZORP,15,14,3,3,0
41680,validated_hard_anchor,ZORP,8,7,0,2,0
41680,validated_hard_anchor,ZORP,8,7,1,0,1
41680,validated_hard_anchor,ZORP,14,11,0,3,0
41680,validated_hard_anchor,ZORP,14,11,1,0,0
41680,validated_hard_anchor,ZORP,14,11,2,3,0
41680,validated_hard_anchor,ZORP,14,11,3,1,1
41680,validated_hard_anchor,ZORP,13,6,0,1,0
41680,validated_hard_anchor,ZORP,13,6,1,3,0
41680,validated_hard_anchor,ZORP,13,6,2,2,0
41680,validated_hard_anchor,ZORP,13,6,3,1,0
41680,validated_hard_anchor,ZORP,13,4,0,2,0
41680,validated_hard_anchor,ZORP,13,4,1,3,0
41680,validated_hard_anchor,ZORP,13,4,2,2,0
41680,validated_hard_anchor,ZORP,13,4,3,0,0
41680,validated_hard_anchor,ZORP,14,4,0,1,0
41680,validated_hard_anchor,ZORP,14,4,1,2,1
41680,validated_hard_anchor,ZORP,14,6,0,0,0
41680,validated_hard_anchor,ZORP,14,6,1,3,1
41680,validated_hard_anchor,ZORP,15,0,0,1,0
41680,validated_hard_anchor,ZORP,15,0,1,0,1
41680,validated_hard_anchor,ZORP,15,6,0,0,0
41680,validated_hard_anchor,ZORP,15,6,1,2,0
41680,validated_hard_anchor,ZORP,15,6,2,3,0
41680,validated_hard_anchor,ZORP,15,6,3,0,0
41680,validated_hard_anchor,ZORP,7,9,0,2,0
41680,validated_hard_anchor,ZORP,7,9,1,1,0
41680,validated_hard_anchor,ZORP,7,9,2,1,0
41680,validated_hard_anchor,ZORP,7,9,3,0,0
41680,validated_hard_anchor,ZORP,13,10,0,0,1
41680,validated_hard_anchor,ZORP,7,12,0,0,1
41680,validated_hard_anchor,ZORP,15,1,0,2,0
41680,validated_hard_anchor,ZORP,15,1,1,0,0
41680,validated_hard_anchor,ZORP,15,1,2,1,0
41680,validated_hard_anchor,ZORP,15,1,3,1,0
41680,validated_hard_anchor,ZORP,7,11,0,0,0
41680,validated_hard_anchor,ZORP,7,11,1,0,0
41680,validated_hard_anchor,ZORP,7,11,2,2,1
41680,validated_hard_anchor,ZORP,11,14,0,2,0
41680,validated_hard_anchor,ZORP,11,14,1,3,0
41680,validated_hard_anchor,ZORP,11,14,2,0,0
41680,validated_hard_anchor,ZORP,11,14,3,1,1
41680,validated_hard_anchor,ZORP,5,13,0,3,0
41680,validated_hard_anchor,ZORP,5,13,1,2,1
41680,validated_hard_anchor,ZORP,15,2,0,1,1
41680,validated_hard_anchor,ZORP,9,7,0,3,1
41680,validated_hard_anchor,ZORP,12,15,0,2,0
41680,validated_hard_anchor,ZORP,12,15,1,3,0
41680,validated_hard_anchor,ZORP,12,15,2,1,0
41680,validated_hard_anchor,ZORP,12,15,3,0,1
41680,validated_hard_anchor,ZORP,11,9,0,3,1
41680,validated_hard_anchor,ZORP,13,0,0,1,1
41680,validated_hard_anchor,ZORP,11,6,0,1,1
41680,validated_hard_anchor,ZORP,14,0,0,0,0
41680,validated_hard_anchor,ZORP,14,0,1,0,0
41680,validated_hard_anchor,ZORP,14,0,2,1,0
41680,validated_hard_anchor,ZORP,14,0,3,2,1
41680,validated_hard_anchor,ZORP,12,8,0,0,0
41680,validated_hard_anchor,ZORP,12,8,1,2,0
41680,validated_hard_anchor,ZORP,12,8,2,1,0
41680,validated_hard_anchor,ZORP,12,8,3,2,0
41680,validated_hard_anchor,ZORP,13,1,0,0,0
41680,validated_hard_anchor,ZORP,13,1,1,0,0
41680,validated_hard_anchor,ZORP,13,1,2,1,0
41680,validated_hard_anchor,ZORP,13,1,3,0,0
41680,validated_hard_anchor,ZORP,12,6,0,2,1
41680,validated_hard_anchor,ZORP,11,4,0,3,0
41680,validated_hard_anchor,ZORP,11,4,1,2,0
41680,validated_hard_anchor,ZORP,11,4,2,1,0
41680,validated_hard_anchor,ZORP,11,4,3,1,0
41680,validated_hard_anchor,ZORP,5,3,0,2,0
41680,validated_hard_anchor,ZORP,5,3,1,0,0
41680,validated_hard_anchor,ZORP,5,3,2,3,1
41680,validated_hard_anchor,ZORP,11,11,0,2,1
41680,validated_hard_anchor,ZORP,4,7,0,1,0
41680,validated_hard_anchor,ZORP,4,7,1,3,0
41680,validated_hard_anchor,ZORP,4,7,2,0,1
41680,validated_hard_anchor,ZORP,9,13,0,0,0
41680,validated_hard_anchor,ZORP,9,13,1,3,0
41680,validated_hard_anchor,ZORP,9,13,2,1,0
41680,validated_hard_anchor,ZORP,9,13,3,0,0
41680,validated_hard_anchor,ZORP,2,13,0,2,0
41680,validated_hard_anchor,ZORP,2,13,1,3,0
41680,validated_hard_anchor,ZORP,2,13,2,1,0
41680,validated_hard_anchor,ZORP,2,13,3,1,0
41680,validated_hard_anchor,ZORP,11,0,0,3,0
41680,validated_hard_anchor,ZORP,11,0,1,1,0
41680,validated_hard_anchor,ZORP,11,0,2,2,0
41680,validated_hard_anchor,ZORP,11,0,3,0,1
41680,validated_hard_anchor,ZORP,9,5,0,0,0
41680,validated_hard_anchor,ZORP,9,5,1,0,0
41680,validated_hard_anchor,ZORP,9,5,2,1,0
41680,validated_hard_anchor,ZORP,9,5,3,2,1
41680,validated_hard_anchor,ZORP,3,3,0,1,0
41680,validated_hard_anchor,ZORP,3,3,1,2,1
41680,validated_hard_anchor,ZORP,5,2,0,0,1
41680,validated_hard_anchor,ZORP,8,6,0,1,0
41680,validated_hard_anchor,ZORP,8,6,1,0,0
41680,validated_hard_anchor,ZORP,8,6,2,3,0
41680,validated_hard_anchor,ZORP,8,6,3,0,0
41680,validated_hard_anchor,ZORP,4,15,0,2,0
41680,validated_hard_anchor,ZORP,4,15,1,2,0
41680,validated_hard_anchor,ZORP,4,15,2,3,0
41680,validated_hard_anchor,ZORP,4,15,3,0,1
41680,validated_hard_anchor,ZORP,4,4,0,1,0
41680,validated_hard_anchor,ZORP,4,4,1,2,0
41680,validated_hard_anchor,ZORP,4,4,2,0,0
41680,validated_hard_anchor,ZORP,4,4,3,1,0
41680,validated_hard_anchor,ZORP,3,2,0,0,0
41680,validated_hard_anchor,ZORP,3,2,1,0,0
41680,validated_hard_anchor,ZORP,3,2,2,2,0
41680,validated_hard_anchor,ZORP,3,2,3,2,0
41680,validated_hard_anchor,ZORP,5,8,0,0,0
41680,validated_hard_anchor,ZORP,5,8,1,2,0
41680,validated_hard_anchor,ZORP,5,8,2,0,0
41680,validated_hard_anchor,ZORP,5,8,3,1,1
41680,validated_hard_anchor,ZORP,10,5,0,0,1
41777,validated_uniform,ZORP,0,14,0,1,1
41777,validated_uniform,ZORP,6,8,0,2,0
41777,validated_uniform,ZORP,6,8,1,2,0
41777,validated_uniform,ZORP,6,8,2,1,1
41777,validated_uniform,ZORP,14,4,0,2,0
41777,validated_uniform,ZORP,14,4,1,0,0
41777,validated_uniform,ZORP,14,4,2,2,0
41777,validated_uniform,ZORP,14,4,3,0,0
41777,validated_uniform,ZORP,3,2,0,3,1
41777,validated_uniform,ZORP,14,0,0,3,0
41777,validated_uniform,ZORP,14,0,1,1,1
41777,validated_uniform,ZORP,13,3,0,1,1
41777,validated_uniform,ZORP,8,5,0,2,1
41777,validated_uniform,ZORP,7,4,0,0,0
41777,validated_uniform,ZORP,7,4,1,3,0
41777,validated_uniform,ZORP,7,4,2,0,0
41777,validated_uniform,ZORP,7,4,3,1,0
41777,validated_uniform,ZORP,13,11,0,0,0
41777,validated_uniform,ZORP,13,11,1,0,0
41777,validated_uniform,ZORP,13,11,2,3,0
41777,validated_uniform,ZORP,13,11,3,0,0
41777,validated_uniform,ZORP,11,14,0,3,1
41777,validated_uniform,ZORP,13,0,0,2,0
41777,validated_uniform,ZORP,13,0,1,0,0
41777,validated_uniform,ZORP,13,0,2,3,1
41777,validated_uniform,ZORP,4,14,0,0,0
41777,validated_uniform,ZORP,4,14,1,3,0
41777,validated_uniform,ZORP,4,14,2,1,1
41777,validated_uniform,ZORP,4,15,0,1,0
41777,validated_uniform,ZORP,4,15,1,2,0
41777,validated_uniform,ZORP,4,15,2,0,0
41777,validated_uniform,ZORP,4,15,3,0,0
41777,validated_uniform,ZORP,15,7,0,1,0
41777,validated_uniform,ZORP,15,7,1,1,0
41777,validated_uniform,ZORP,15,7,2,3,0
41777,validated_uniform,ZORP,15,7,3,1,0
41777,validated_uniform,ZORP,7,1,0,1,1
41777,validated_uniform,ZORP,8,13,0,0,0
41777,validated_uniform,ZORP,8,13,1,2,1
41777,validated_uniform,ZORP,12,7,0,3,1
41777,validated_uniform,ZORP,15,11,0,1,0
41777,validated_uniform,ZORP,15,11,1,0,1
41777,validated_uniform,ZORP,5,9,0,2,0
41777,validated_uniform,ZORP,5,9,1,1,0
41777,validated_uniform,ZORP,5,9,2,1,0
41777,validated_uniform,ZORP,5,9,3,2,0
41777,validated_uniform,ZORP,13,2,0,3,0
41777,validated_uniform,ZORP,13,2,1,2,1
41777,validated_uniform,ZORP,2,0,0,1,1
41777,validated_uniform,ZORP,12,8,0,0,1
41777,validated_uniform,ZORP,12,0,0,0,1
41777,validated_uniform,ZORP,10,3,0,1,0
41777,validated_uniform,ZORP,10,3,1,0,0
41777,validated_uniform,ZORP,10,3,2,1,0
41777,validated_uniform,ZORP,10,3,3,2,1
41777,validated_uniform,ZORP,0,6,0,3,0
41777,validated_uniform,ZORP,0,6,1,3,0
41777,validated_uniform,ZORP,0,6,2,2,0
41777,validated_uniform,ZORP,0,6,3,3,0
41777,validated_uniform,ZORP,6,1,0,3,1
41777,validated_uniform,ZORP,13,10,0,3,0
41777,validated_uniform,ZORP,13,10,1,3,0
41777,validated_uniform,ZORP,13,10,2,3,0
41777,validated_uniform,ZORP,13,10,3,2,1
41777,validated_uniform,ZORP,3,15,0,1,0
41777,validated_uniform,ZORP,3,15,1,3,0
41777,validated_uniform,ZORP,3,15,2,3,0
41777,validated_uniform,ZORP,3,15,3,2,0
41777,validated_uniform,ZORP,1,5,0,1,0
41777,validated_uniform,ZORP,1,5,1,0,1
41777,validated_uniform,ZORP,1,14,0,2,1
41777,validated_uniform,ZORP,10,14,0,3,0
41777,validated_uniform,ZORP,10,14,1,3,0
41777,validated_uniform,ZORP,10,14,2,0,1
41777,validated_uniform,ZORP,0,2,0,3,0
41777,validated_uniform,ZORP,0,2,1,1,1
41777,validated_uniform,ZORP,0,5,0,1,0
41777,validated_uniform,ZORP,0,5,1,1,0
41777,validated_uniform,ZORP,0,5,2,0,0
41777,validated_uniform,ZORP,0,5,3,2,1
41777,validated_uniform,ZORP,15,3,0,2,0
41777,validated_uniform,ZORP,15,3,1,2,0
41777,validated_uniform,ZORP,15,3,2,2,0
41777,validated_uniform,ZORP,15,3,3,1,0
41777,validated_uniform,ZORP,13,7,0,1,1
41777,validated_uniform,ZORP,0,15,0,0,0
41777,validated_uniform,ZORP,0,15,1,2,0
41777,validated_uniform,ZORP,0,15,2,2,0
41777,validated_uniform,ZORP,0,15,3,2,0
41777,validated_uniform,ZORP,9,4,0,2,0
41777,validated_uniform,ZORP,9,4,1,3,1
41777,validated_uniform,ZORP,11,0,0,1,0
41777,validated_uniform,ZORP,11,0,1,2,1
41777,validated_uniform,ZORP,8,0,0,1,0
41777,validated_uniform,ZORP,8,0,1,1,0
41777,validated_uniform,ZORP,8,0,2,0,1
41777,validated_uniform,ZORP,7,8,0,1,0
41777,validated_uniform,ZORP,7,8,1,2,1
41777,validated_uniform,ZORP,12,3,0,0,0
41777,validated_uniform,ZORP,12,3,1,0,0
41777,validated_uniform,ZORP,12,3,2,2,0
41777,validated_uniform,ZORP,12,3,3,1,0
41777,validated_uniform,ZORP,10,8,0,3,0
41777,validated_uniform,ZORP,10,8,1,2,0
41777,validated_uniform,ZORP,10,8,2,3,0
41777,validated_uniform,ZORP,10,8,3,1,1
41777,validated_uniform,ZORP,2,1,0,0,0
41777,validated_uniform,ZORP,2,1,1,2,0
41777,validated_uniform,ZORP,2,1,2,3,1
41777,validated_uniform,ZORP,1,9,0,2,0
41777,validated_uniform,ZORP,1,9,1,2,0
41777,validated_uniform,ZORP,1,9,2,3,0
41777,validated_uniform,ZORP,1,9,3,1,0
41777,validated_uniform,ZORP,15,0,0,1,0
41777,validated_uniform,ZORP,15,0,1,0,0
41777,validated_uniform,ZORP,15,0,2,2,1
41777,validated_uniform,ZORP,3,11,0,3,0
41777,validated_uniform,ZORP,3,11,1,2,0
41777,validated_uniform,ZORP,3,11,2,1,0
41777,validated_uniform,ZORP,3,11,3,3,0
41777,validated_uniform,ZORP,2,11,0,2,1
41777,validated_uniform,ZORP,0,10,0,0,0
41777,validated_uniform,ZORP,0,10,1,1,1
41777,validated_hard,ZORP,9,0,0,3,1
41777,validated_hard,ZORP,11,0,0,3,0
41777,validated_hard,ZORP,11,0,1,0,0
41777,validated_hard,ZORP,11,0,2,3,0
41777,validated_hard,ZORP,11,0,3,2,1
41777,validated_hard,ZORP,12,0,0,0,1
41777,validated_hard,ZORP,9,2,0,3,0
41777,validated_hard,ZORP,9,2,1,1,0
41777,validated_hard,ZORP,9,2,2,1,0
41777,validated_hard,ZORP,9,2,3,3,0
41777,validated_hard,ZORP,9,13,0,1,0
41777,validated_hard,ZORP,9,13,1,0,1
41777,validated_hard,ZORP,9,4,0,3,1
41777,validated_hard,ZORP,6,11,0,3,0
41777,validated_hard,ZORP,6,11,1,2,1
41777,validated_hard,ZORP,14,0,0,3,0
41777,validated_hard,ZORP,14,0,1,3,0
41777,validated_hard,ZORP,14,0,2,3,0
41777,validated_hard,ZORP,14,0,3,3,0
41777,validated_hard,ZORP,15,0,0,1,0
41777,validated_hard,ZORP,15,0,1,1,0
41777,validated_hard,ZORP,15,0,2,1,0
41777,validated_hard,ZORP,15,0,3,2,1
41777,validated_hard,ZORP,6,8,0,0,0
41777,validated_hard,ZORP,6,8,1,0,0
41777,validated_hard,ZORP,6,8,2,2,0
41777,validated_hard,ZORP,6,8,3,0,0
41777,validated_hard,ZORP,6,15,0,2,1
41777,validated_hard,ZORP,0,7,0,0,0
41777,validated_hard,ZORP,0,7,1,1,0
41777,validated_hard,ZORP,0,7,2,1,0
41777,validated_hard,ZORP,0,7,3,3,1
41777,validated_hard,ZORP,6,13,0,3,1
41777,validated_hard,ZORP,8,0,0,2,0
41777,validated_hard,ZORP,8,0,1,2,0
41777,validated_hard,ZORP,8,0,2,2,0
41777,validated_hard,ZORP,8,0,3,1,0
41777,validated_hard,ZORP,6,1,0,3,1
41777,validated_hard,ZORP,13,0,0,3,1
41777,validated_hard,ZORP,6,10,0,3,0
41777,validated_hard,ZORP,6,10,1,3,0
41777,validated_hard,ZORP,6,10,2,0,1
41777,validated_hard,ZORP,1,9,0,3,0
41777,validated_hard,ZORP,1,9,1,2,0
41777,validated_hard,ZORP,1,9,2,1,0
41777,validated_hard,ZORP,1,9,3,0,1
41777,validated_hard,ZORP,0,6,0,3,0
41777,validated_hard,ZORP,0,6,1,3,0
41777,validated_hard,ZORP,0,6,2,3,0
41777,validated_hard,ZORP,0,6,3,2,0
41777,validated_hard,ZORP,12,8,0,0,1
41777,validated_hard,ZORP,9,7,0,2,0
41777,validated_hard,ZORP,9,7,1,3,0
41777,validated_hard,ZORP,9,7,2,0,0
41777,validated_hard,ZORP,9,7,3,1,1
41777,validated_hard,ZORP,0,12,0,1,0
41777,validated_hard,ZORP,0,12,1,3,0
41777,validated_hard,ZORP,0,12,2,1,0
41777,validated_hard,ZORP,0,12,3,2,0
41777,validated_hard,ZORP,0,11,0,1,0
41777,validated_hard,ZORP,0,11,1,0,0
41777,validated_hard,ZORP,0,11,2,0,0
41777,validated_hard,ZORP,0,11,3,2,0
41777,validated_hard,ZORP,1,11,0,1,1
41777,validated_hard,ZORP,0,5,0,1,0
41777,validated_hard,ZORP,0,5,1,2,1
41777,validated_hard,ZORP,8,13,0,1,0
41777,validated_hard,ZORP,8,13,1,3,0
41777,validated_hard,ZORP,8,13,2,2,1
41777,validated_hard,ZORP,2,11,0,1,0
41777,validated_hard,ZORP,2,11,1,1,0
41777,validated_hard,ZORP,2,11,2,2,1
41777,validated_hard,ZORP,4,11,0,1,0
41777,validated_hard,ZORP,4,11,1,2,0
41777,validated_hard,ZORP,4,11,2,2,0
41777,validated_hard,ZORP,4,11,3,0,0
41777,validated_hard,ZORP,1,8,0,1,0
41777,validated_hard,ZORP,1,8,1,0,0
41777,validated_hard,ZORP,1,8,2,0,0
41777,validated_hard,ZORP,1,8,3,2,0
41777,validated_hard,ZORP,11,4,0,3,0
41777,validated_hard,ZORP,11,4,1,2,1
41777,validated_hard,ZORP,1,12,0,0,0
41777,validated_hard,ZORP,1,12,1,0,0
41777,validated_hard,ZORP,1,12,2,2,0
41777,validated_hard,ZORP,1,12,3,2,0
41777,validated_hard,ZORP,2,0,0,0,0
41777,validated_hard,ZORP,2,0,1,2,0
41777,validated_hard,ZORP,2,0,2,1,1
41777,validated_hard,ZORP,1,5,0,0,1
41777,validated_hard,ZORP,11,7,0,1,0
41777,validated_hard,ZORP,11,7,1,1,0
41777,validated_hard,ZORP,11,7,2,0,1
41777,validated_hard,ZORP,0,15,0,1,0
41777,validated_hard,ZORP,0,15,1,2,0
41777,validated_hard,ZORP,0,15,2,1,0
41777,validated_hard,ZORP,0,15,3,2,0
41777,validated_hard,ZORP,12,14,0,3,0
41777,validated_hard,ZORP,12,14,1,2,0
41777,validated_hard,ZORP,12,14,2,0,0
41777,validated_hard,ZORP,12,14,3,1,1
41777,validated_hard,ZORP,2,8,0,2,0
41777,validated_hard,ZORP,2,8,1,3,0
41777,validated_hard,ZORP,2,8,2,1,1
41777,validated_hard,ZORP,12,7,0,0,0
41777,validated_hard,ZORP,12,7,1,1,0
41777,validated_hard,ZORP,12,7,2,0,0
41777,validated_hard,ZORP,12,7,3,0,0
41777,validated_hard,ZORP,8,1,0,3,0
41777,validated_hard,ZORP,8,1,1,0,0
41777,validated_hard,ZORP,8,1,2,0,0
41777,validated_hard,ZORP,8,1,3,0,0
41777,validated_hard,ZORP,1,15,0,3,0
41777,validated_hard,ZORP,1,15,1,2,0
41777,validated_hard,ZORP,1,15,2,1,1
41777,validated_hard,ZORP,12,11,0,2,0
41777,validated_hard,ZORP,12,11,1,1,0
41777,validated_hard,ZORP,12,11,2,3,1
41777,validated_hard,ZORP,0,14,0,0,0
41777,validated_hard,ZORP,0,14,1,3,0
41777,validated_hard,ZORP,0,14,2,3,0
41777,validated_hard,ZORP,0,14,3,2,0
41777,validated_hard,ZORP,11,14,0,3,1
41777,validated_hard,ZORP,11,3,0,1,0
41777,validated_hard,ZORP,11,3,1,3,0
41777,validated_hard,ZORP,11,3,2,0,1
41777,validated_hard,ZORP,4,15,0,2,0
41777,validated_hard,ZORP,4,15,1,2,0
41777,validated_hard,ZORP,4,15,2,2,0
41777,validated_hard,ZORP,4,15,3,1,0
41777,validated_hard,ZORP,4,14,0,1,1
41777,validated_hard,ZORP,8,3,0,3,1
41777,validated_hard,ZORP,1,4,0,1,0
41777,validated_hard,ZORP,1,4,1,1,0
41777,validated_hard,ZORP,1,4,2,0,0
41777,validated_hard,ZORP,1,4,3,0,0
41777,validated_dream,ZORP,9,0,0,3,1
41777,validated_dream,ZORP,11,0,0,2,1
41777,validated_dream,ZORP,12,0,0,0,1
41777,validated_dream,ZORP,9,2,0,2,1
41777,validated_dream,ZORP,9,4,0,2,0
41777,validated_dream,ZORP,9,4,1,2,0
41777,validated_dream,ZORP,9,4,2,3,1
41777,validated_dream,ZORP,6,11,0,1,0
41777,validated_dream,ZORP,6,11,1,0,0
41777,validated_dream,ZORP,6,11,2,3,0
41777,validated_dream,ZORP,6,11,3,2,1
41777,validated_dream,ZORP,14,0,0,2,0
41777,validated_dream,ZORP,14,0,1,2,0
41777,validated_dream,ZORP,14,0,2,1,1
41777,validated_dream,ZORP,15,0,0,1,0
41777,validated_dream,ZORP,15,0,1,1,0
41777,validated_dream,ZORP,15,0,2,2,1
41777,validated_dream,ZORP,6,8,0,1,1
41777,validated_dream,ZORP,6,15,0,2,1
41777,validated_dream,ZORP,6,13,0,0,0
41777,validated_dream,ZORP,6,13,1,2,0
41777,validated_dream,ZORP,6,13,2,0,0
41777,validated_dream,ZORP,6,13,3,1,0
41777,validated_dream,ZORP,8,0,0,2,0
41777,validated_dream,ZORP,8,0,1,0,1
41777,validated_dream,ZORP,13,0,0,2,0
41777,validated_dream,ZORP,13,0,1,3,1
41777,validated_dream,ZORP,6,10,0,2,0
41777,validated_dream,ZORP,6,10,1,3,0
41777,validated_dream,ZORP,6,10,2,3,0
41777,validated_dream,ZORP,6,10,3,0,1
41777,validated_dream,ZORP,1,9,0,0,1
41777,validated_dream,ZORP,9,7,0,2,0
41777,validated_dream,ZORP,9,7,1,0,0
41777,validated_dream,ZORP,9,7,2,3,0
41777,validated_dream,ZORP,9,7,3,0,0
41777,validated_dream,ZORP,0,12,0,3,0
41777,validated_dream,ZORP,0,12,1,0,1
41777,validated_dream,ZORP,0,11,0,3,1
41777,validated_dream,ZORP,1,11,0,2,0
41777,validated_dream,ZORP,1,11,1,2,0
41777,validated_dream,ZORP,1,11,2,0,0
41777,validated_dream,ZORP,1,11,3,3,0
41777,validated_dream,ZORP,2,11,0,0,0
41777,validated_dream,ZORP,2,11,1,2,1
41777,validated_dream,ZORP,4,11,0,3,1
41777,validated_dream,ZORP,1,8,0,3,1
41777,validated_dream,ZORP,11,4,0,3,0
41777,validated_dream,ZORP,11,4,1,0,0
41777,validated_dream,ZORP,11,4,2,0,0
41777,validated_dream,ZORP,11,4,3,3,0
41777,validated_dream,ZORP,1,12,0,3,1
41777,validated_dream,ZORP,11,7,0,3,0
41777,validated_dream,ZORP,11,7,1,2,0
41777,validated_dream,ZORP,11,7,2,3,0
41777,validated_dream,ZORP,11,7,3,0,1
41777,validated_dream,ZORP,0,15,0,3,1
41777,validated_dream,ZORP,2,8,0,1,1
41777,validated_dream,ZORP,12,7,0,2,0
41777,validated_dream,ZORP,12,7,1,1,0
41777,validated_dream,ZORP,12,7,2,1,0
41777,validated_dream,ZORP,12,7,3,0,0
41777,validated_dream,ZORP,8,1,0,1,0
41777,validated_dream,ZORP,8,1,1,0,0
41777,validated_dream,ZORP,8,1,2,3,0
41777,validated_dream,ZORP,8,1,3,1,0
41777,validated_dream,ZORP,1,15,0,0,0
41777,validated_dream,ZORP,1,15,1,0,0
41777,validated_dream,ZORP,1,15,2,2,0
41777,validated_dream,ZORP,1,15,3,0,0
41777,validated_dream,ZORP,0,14,0,2,0
41777,validated_dream,ZORP,0,14,1,3,0
41777,validated_dream,ZORP,0,14,2,0,0
41777,validated_dream,ZORP,0,14,3,2,0
41777,validated_dream,ZORP,11,3,0,1,0
41777,validated_dream,ZORP,11,3,1,1,0
41777,validated_dream,ZORP,11,3,2,3,0
41777,validated_dream,ZORP,11,3,3,2,0
41777,validated_dream,ZORP,4,15,0,2,0
41777,validated_dream,ZORP,4,15,1,0,0
41777,validated_dream,ZORP,4,15,2,2,0
41777,validated_dream,ZORP,4,15,3,0,0
41777,validated_dream,ZORP,4,14,0,1,1
41777,validated_dream,ZORP,8,3,0,0,0
41777,validated_dream,ZORP,8,3,1,3,1
41777,validated_dream,ZORP,1,14,0,3,0
41777,validated_dream,ZORP,1,14,1,2,1
41777,validated_dream,ZORP,12,3,0,3,1
41777,validated_dream,ZORP,15,7,0,2,0
41777,validated_dream,ZORP,15,7,1,1,0
41777,validated_dream,ZORP,15,7,2,1,0
41777,validated_dream,ZORP,15,7,3,2,0
41777,validated_dream,ZORP,11,1,0,3,0
41777,validated_dream,ZORP,11,1,1,3,0
41777,validated_dream,ZORP,11,1,2,3,0
41777,validated_dream,ZORP,11,1,3,3,0
41777,validated_dream,ZORP,12,2,0,1,1
41777,validated_dream,ZORP,8,7,0,1,0
41777,validated_dream,ZORP,8,7,1,3,1
41777,validated_dream,ZORP,12,1,0,1,0
41777,validated_dream,ZORP,12,1,1,1,0
41777,validated_dream,ZORP,12,1,2,1,0
41777,validated_dream,ZORP,12,1,3,1,0
41777,validated_dream,ZORP,8,5,0,1,0
41777,validated_dream,ZORP,8,5,1,3,0
41777,validated_dream,ZORP,8,5,2,1,0
41777,validated_dream,ZORP,8,5,3,3,0
41777,validated_dream,ZORP,3,11,0,2,0
41777,validated_dream,ZORP,3,11,1,2,0
41777,validated_dream,ZORP,3,11,2,1,0
41777,validated_dream,ZORP,3,11,3,1,0
41777,validated_dream,ZORP,5,9,0,3,0
41777,validated_dream,ZORP,5,9,1,0,1
41777,validated_dream,ZORP,10,4,0,2,0
41777,validated_dream,ZORP,10,4,1,2,0
41777,validated_dream,ZORP,10,4,2,0,0
41777,validated_dream,ZORP,10,4,3,3,0
41777,validated_dream,ZORP,3,15,0,2,0
41777,validated_dream,ZORP,3,15,1,2,0
41777,validated_dream,ZORP,3,15,2,2,0
41777,validated_dream,ZORP,3,15,3,1,0
41777,validated_dream,ZORP,15,3,0,2,0
41777,validated_dream,ZORP,15,3,1,3,0
41777,validated_dream,ZORP,15,3,2,1,0
41777,validated_dream,ZORP,15,3,3,2,0
41777,validated_hard_anchor,ZORP,9,0,0,2,0
41777,validated_hard_anchor,ZORP,9,0,1,2,0
41777,validated_hard_anchor,ZORP,9,0,2,0,0
41777,validated_hard_anchor,ZORP,9,0,3,2,0
41777,validated_hard_anchor,ZORP,11,0,0,0,0
41777,validated_hard_anchor,ZORP,11,0,1,1,0
41777,validated_hard_anchor,ZORP,11,0,2,2,1
41777,validated_hard_anchor,ZORP,12,0,0,2,0
41777,validated_hard_anchor,ZORP,12,0,1,2,0
41777,validated_hard_anchor,ZORP,12,0,2,3,0
41777,validated_hard_anchor,ZORP,12,0,3,2,0
41777,validated_hard_anchor,ZORP,9,2,0,1,0
41777,validated_hard_anchor,ZORP,9,2,1,1,0
41777,validated_hard_anchor,ZORP,9,2,2,3,0
41777,validated_hard_anchor,ZORP,9,2,3,3,0
41777,validated_hard_anchor,ZORP,9,13,0,3,0
41777,validated_hard_anchor,ZORP,9,13,1,1,0
41777,validated_hard_anchor,ZORP,9,13,2,2,0
41777,validated_hard_anchor,ZORP,9,13,3,1,0
41777,validated_hard_anchor,ZORP,9,4,0,2,0
41777,validated_hard_anchor,ZORP,9,4,1,0,0
41777,validated_hard_anchor,ZORP,9,4,2,3,1
41777,validated_hard_anchor,ZORP,6,11,0,3,0
41777,validated_hard_anchor,ZORP,6,11,1,1,0
41777,validated_hard_anchor,ZORP,6,11,2,1,0
41777,validated_hard_anchor,ZORP,6,11,3,2,1
41777,validated_hard_anchor,ZORP,14,0,0,0,0
41777,validated_hard_anchor,ZORP,14,0,1,1,1
41777,validated_hard_anchor,ZORP,15,0,0,2,1
41777,validated_hard_anchor,ZORP,6,8,0,2,0
41777,validated_hard_anchor,ZORP,6,8,1,2,0
41777,validated_hard_anchor,ZORP,6,8,2,1,1
41777,validated_hard_anchor,ZORP,6,15,0,1,0
41777,validated_hard_anchor,ZORP,6,15,1,2,1
41777,validated_hard_anchor,ZORP,0,7,0,2,0
41777,validated_hard_anchor,ZORP,0,7,1,2,0
41777,validated_hard_anchor,ZORP,0,7,2,2,0
41777,validated_hard_anchor,ZORP,0,7,3,1,0
41777,validated_hard_anchor,ZORP,6,13,0,2,0
41777,validated_hard_anchor,ZORP,6,13,1,1,0
41777,validated_hard_anchor,ZORP,6,13,2,3,1
41777,validated_hard_anchor,ZORP,8,0,0,2,0
41777,validated_hard_anchor,ZORP,8,0,1,3,0
41777,validated_hard_anchor,ZORP,8,0,2,0,1
41777,validated_hard_anchor,ZORP,6,1,0,2,0
41777,validated_hard_anchor,ZORP,6,1,1,1,0
41777,validated_hard_anchor,ZORP,6,1,2,2,0
41777,validated_hard_anchor,ZORP,6,1,3,1,0
41777,validated_hard_anchor,ZORP,13,0,0,3,1
41777,validated_hard_anchor,ZORP,6,10,0,2,0
41777,validated_hard_anchor,ZORP,6,10,1,0,1
41777,validated_hard_anchor,ZORP,1,9,0,3,0
41777,validated_hard_anchor,ZORP,1,9,1,1,0
41777,validated_hard_anchor,ZORP,1,9,2,3,0
41777,validated_hard_anchor,ZORP,1,9,3,0,1
41777,validated_hard_anchor,ZORP,0,6,0,3,0
41777,validated_hard_anchor,ZORP,0,6,1,3,0
41777,validated_hard_anchor,ZORP,0,6,2,2,0
41777,validated_hard_anchor,ZORP,0,6,3,3,0
41777,validated_hard_anchor,ZORP,12,8,0,2,0
41777,validated_hard_anchor,ZORP,12,8,1,3,0
41777,validated_hard_anchor,ZORP,12,8,2,3,0
41777,validated_hard_anchor,ZORP,12,8,3,2,0
41777,validated_hard_anchor,ZORP,9,7,0,0,0
41777,validated_hard_anchor,ZORP,9,7,1,0,0
41777,validated_hard_anchor,ZORP,9,7,2,3,0
41777,validated_hard_anchor,ZORP,9,7,3,2,0
41777,validated_hard_anchor,ZORP,0,12,0,1,0
41777,validated_hard_anchor,ZORP,0,12,1,0,1
41777,validated_hard_anchor,ZORP,0,11,0,3,1
41777,validated_hard_anchor,ZORP,1,11,0,0,0
41777,validated_hard_anchor,ZORP,1,11,1,1,1
41777,validated_hard_anchor,ZORP,0,5,0,3,0
41777,validated_hard_anchor,ZORP,0,5,1,0,0
41777,validated_hard_anchor,ZORP,0,5,2,0,0
41777,validated_hard_anchor,ZORP,0,5,3,3,0
41777,validated_hard_anchor,ZORP,8,13,0,3,0
41777,validated_hard_anchor,ZORP,8,13,1,2,1
41777,validated_hard_anchor,ZORP,2,11,0,1,0
41777,validated_hard_anchor,ZORP,2,11,1,3,0
41777,validated_hard_anchor,ZORP,2,11,2,0,0
41777,validated_hard_anchor,ZORP,2,11,3,3,0
41777,validated_hard_anchor,ZORP,4,11,0,0,0
41777,validated_hard_anchor,ZORP,4,11,1,0,0
41777,validated_hard_anchor,ZORP,4,11,2,2,0
41777,validated_hard_anchor,ZORP,4,11,3,2,0
41777,validated_hard_anchor,ZORP,1,8,0,3,1
41777,validated_hard_anchor,ZORP,11,4,0,2,1
41777,validated_hard_anchor,ZORP,1,12,0,2,0
41777,validated_hard_anchor,ZORP,1,12,1,0,0
41777,validated_hard_anchor,ZORP,1,12,2,1,0
41777,validated_hard_anchor,ZORP,1,12,3,0,0
41777,validated_hard_anchor,ZORP,2,0,0,3,0
41777,validated_hard_anchor,ZORP,2,0,1,3,0
41777,validated_hard_anchor,ZORP,2,0,2,1,1
41777,validated_hard_anchor,ZORP,1,5,0,3,0
41777,validated_hard_anchor,ZORP,1,5,1,2,0
41777,validated_hard_anchor,ZORP,1,5,2,2,0
41777,validated_hard_anchor,ZORP,1,5,3,0,1
41777,validated_hard_anchor,ZORP,11,7,0,2,0
41777,validated_hard_anchor,ZORP,11,7,1,0,1
41777,validated_hard_anchor,ZORP,0,15,0,0,0
41777,validated_hard_anchor,ZORP,0,15,1,0,0
41777,validated_hard_anchor,ZORP,0,15,2,2,0
41777,validated_hard_anchor,ZORP,0,15,3,0,0
41777,validated_hard_anchor,ZORP,12,14,0,3,0
41777,validated_hard_anchor,ZORP,12,14,1,3,0
41777,validated_hard_anchor,ZORP,12,14,2,0,0
41777,validated_hard_anchor,ZORP,12,14,3,0,0
41777,validated_hard_anchor,ZORP,2,8,0,1,1
41777,validated_hard_anchor,ZORP,12,7,0,0,0
41777,validated_hard_anchor,ZORP,12,7,1,3,1
41777,validated_hard_anchor,ZORP,8,1,0,0,0
41777,validated_hard_anchor,ZORP,8,1,1,0,0
41777,validated_hard_anchor,ZORP,8,1,2,2,1
41777,validated_hard_anchor,ZORP,1,15,0,2,0
41777,validated_hard_anchor,ZORP,1,15,1,1,1
41777,validated_hard_anchor,ZORP,12,11,0,2,0
41777,validated_hard_anchor,ZORP,12,11,1,3,1
41777,validated_hard_anchor,ZORP,0,14,0,3,0
41777,validated_hard_anchor,ZORP,0,14,1,0,0
41777,validated_hard_anchor,ZORP,0,14,2,2,0
41777,validated_hard_anchor,ZORP,0,14,3,2,0
41777,validated_hard_anchor,ZORP,11,14,0,2,0
41777,validated_hard_anchor,ZORP,11,14,1,3,1
41777,validated_hard_anchor,ZORP,11,3,0,2,0
41777,validated_hard_anchor,ZORP,11,3,1,0,1
41777,validated_hard_anchor,ZORP,4,15,0,2,0
41777,validated_hard_anchor,ZORP,4,15,1,3,1
41777,validated_hard_anchor,ZORP,4,14,0,0,0
41777,validated_hard_anchor,ZORP,4,14,1,2,0
41777,validated_hard_anchor,ZORP,4,14,2,2,0
41777,validated_hard_anchor,ZORP,4,14,3,3,0
41777,validated_hard_anchor,ZORP,8,3,0,3,1
41777,validated_hard_anchor,ZORP,1,4,0,3,1
41874,validated_uniform,ZORP,1,11,0,0,0
41874,validated_uniform,ZORP,1,11,1,3,0
41874,validated_uniform,ZORP,1,11,2,0,0
41874,validated_uniform,ZORP,1,11,3,2,0
41874,validated_uniform,ZORP,15,3,0,0,0
41874,validated_uniform,ZORP,15,3,1,2,1
41874,validated_uniform,ZORP,6,14,0,0,0
41874,validated_uniform,ZORP,6,14,1,0,0
41874,validated_uniform,ZORP,6,14,2,0,0
41874,validated_uniform,ZORP,6,14,3,2,0
41874,validated_uniform,ZORP,3,10,0,1,1
41874,validated_uniform,ZORP,6,11,0,1,0
41874,validated_uniform,ZORP,6,11,1,1,0
41874,validated_uniform,ZORP,6,11,2,0,1
41874,validated_uniform,ZORP,10,6,0,2,0
41874,validated_uniform,ZORP,10,6,1,1,0
41874,validated_uniform,ZORP,10,6,2,0,0
41874,validated_uniform,ZORP,10,6,3,0,0
41874,validated_uniform,ZORP,8,2,0,3,0
41874,validated_uniform,ZORP,8,2,1,0,1
41874,validated_uniform,ZORP,3,8,0,0,0
41874,validated_uniform,ZORP,3,8,1,0,0
41874,validated_uniform,ZORP,3,8,2,2,0
41874,validated_uniform,ZORP,3,8,3,3,0
41874,validated_uniform,ZORP,9,7,0,1,1
41874,validated_uniform,ZORP,8,15,0,3,1
41874,validated_uniform,ZORP,7,9,0,3,0
41874,validated_uniform,ZORP,7,9,1,0,0
41874,validated_uniform,ZORP,7,9,2,1,0
41874,validated_uniform,ZORP,7,9,3,2,1
41874,validated_uniform,ZORP,10,13,0,0,1
41874,validated_uniform,ZORP,2,11,0,1,0
41874,validated_uniform,ZORP,2,11,1,0,1
41874,validated_uniform,ZORP,3,11,0,0,0
41874,validated_uniform,ZORP,3,11,1,1,0
41874,validated_uniform,ZORP,3,11,2,0,0
41874,validated_uniform,ZORP,3,11,3,2,1
41874,validated_uniform,ZORP,6,6,0,0,0
41874,validated_uniform,ZORP,6,6,1,0,0
41874,validated_uniform,ZORP,6,6,2,0,0
41874,validated_uniform,ZORP,6,6,3,0,0
41874,validated_uniform,ZORP,12,11,0,0,0
41874,validated_uniform,ZORP,12,11,1,2,0
41874,validated_uniform,ZORP,12,11,2,0,0
41874,validated_uniform,ZORP,12,11,3,2,0
41874,validated_uniform,ZORP,9,0,0,0,0
41874,validated_uniform,ZORP,9,0,1,3,0
41874,validated_uniform,ZORP,9,0,2,0,0
41874,validated_uniform,ZORP,9,0,3,0,0
41874,validated_uniform,ZORP,15,5,0,0,0
41874,validated_uniform,ZORP,15,5,1,2,1
41874,validated_uniform,ZORP,12,0,0,2,0
41874,validated_uniform,ZORP,12,0,1,2,0
41874,validated_uniform,ZORP,12,0,2,3,0
41874,validated_uniform,ZORP,12,0,3,3,0
41874,validated_uniform,ZORP,4,11,0,0,0
41874,validated_uniform,ZORP,4,11,1,0,0
41874,validated_uniform,ZORP,4,11,2,0,0
41874,validated_uniform,ZORP,4,11,3,3,1
41874,validated_uniform,ZORP,7,7,0,2,1
41874,validated_uniform,ZORP,12,6,0,2,0
41874,validated_uniform,ZORP,12,6,1,0,1
41874,validated_uniform,ZORP,8,7,0,1,0
41874,validated_uniform,ZORP,8,7,1,3,1
41874,validated_uniform,ZORP,3,7,0,3,0
41874,validated_uniform,ZORP,3,7,1,1,0
41874,validated_uniform,ZORP,3,7,2,2,1
41874,validated_uniform,ZORP,11,0,0,2,0
41874,validated_uniform,ZORP,11,0,1,0,0
41874,validated_uniform,ZORP,11,0,2,2,0
41874,validated_uniform,ZORP,11,0,3,0,0
41874,validated_uniform,ZORP,11,2,0,2,0
41874,validated_uniform,ZORP,11,2,1,0,0
41874,validated_uniform,ZORP,11,2,2,3,0
41874,validated_uniform,ZORP,11,2,3,0,0
41874,validated_uniform,ZORP,14,11,0,1,0
41874,validated_uniform,ZORP,14,11,1,1,0
41874,validated_uniform,ZORP,14,11,2,1,0
41874,validated_uniform,ZORP,14,11,3,0,1
41874,validated_uniform,ZORP,13,1,0,1,1
41874,validated_uniform,ZORP,4,3,0,3,1
41874,validated_uniform,ZORP,7,3,0,2,1
41874,validated_uniform,ZORP,15,4,0,1,1
41874,validated_uniform,ZORP,10,3,0,0,1
41874,validated_uniform,ZORP,8,11,0,2,0
41874,validated_uniform,ZORP,8,11,1,0,0
41874,validated_uniform,ZORP,8,11,2,2,0
41874,validated_uniform,ZORP,8,11,3,0,0
41874,validated_uniform,ZORP,6,5,0,0,1
41874,validated_uniform,ZORP,6,3,0,0,1
41874,validated_uniform,ZORP,15,6,0,0,0
41874,validated_uniform,ZORP,15,6,1,0,0
41874,validated_uniform,ZORP,15,6,2,1,1
41874,validated_uniform,ZORP,15,12,0,0,0
41874,validated_uniform,ZORP,15,12,1,0,0
41874,validated_uniform,ZORP,15,12,2,1,1
41874,validated_uniform,ZORP,15,0,0,1,1
41874,validated_uniform,ZORP,14,0,0,1,0
41874,validated_uniform,ZORP,14,0,1,0,0
41874,validated_uniform,ZORP,14,0,2,0,0
41874,validated_uniform,ZORP,14,0,3,3,1
41874,validated_uniform,ZORP,1,0,0,0,0
41874,validated_uniform,ZORP,1,0,1,0,0
41874,validated_uniform,ZORP,1,0,2,0,0
41874,validated_uniform,ZORP,1,0,3,0,0
41874,validated_uniform,ZORP,8,12,0,3,0
41874,validated_uniform,ZORP,8,12,1,2,0
41874,validated_uniform,ZORP,8,12,2,2,0
41874,validated_uniform,ZORP,8,12,3,1,0
41874,validated_uniform,ZORP,10,7,0,3,0
41874,validated_uniform,ZORP,10,7,1,1,0
41874,validated_uniform,ZORP,10,7,2,0,1
41874,validated_uniform,ZORP,4,14,0,2,0
41874,validated_uniform,ZORP,4,14,1,0,1
41874,validated_uniform,ZORP,8,10,0,0,1
41874,validated_uniform,ZORP,2,12,0,2,0
41874,validated_uniform,ZORP,2,12,1,3,1
41874,validated_uniform,ZORP,15,14,0,1,1
41874,validated_uniform,ZORP,0,9,0,1,0
41874,validated_uniform,ZORP,0,9,1,0,0
41874,validated_uniform,ZORP,0,9,2,2,0
41874,validated_uniform,ZORP,0,9,3,0,0
41874,validated_uniform,ZORP,15,11,0,3,0
41874,validated_uniform,ZORP,15,11,1,2,1
41874,validated_hard,ZORP,3,7,0,0,0
41874,validated_hard,ZORP,3,7,1,3,0
41874,validated_hard,ZORP,3,7,2,1,0
41874,validated_hard,ZORP,3,7,3,1,0
41874,validated_hard,ZORP,8,7,0,2,0
41874,validated_hard,ZORP,8,7,1,0,0
41874,validated_hard,ZORP,8,7,2,1,0
41874,validated_hard,ZORP,8,7,3,0,0
41874,validated_hard,ZORP,7,10,0,1,1
41874,validated_hard,ZORP,12,7,0,1,0
41874,validated_hard,ZORP,12,7,1,1,0
41874,validated_hard,ZORP,12,7,2,3,1
41874,validated_hard,ZORP,15,7,0,1,0
41874,validated_hard,ZORP,15,7,1,1,0
41874,validated_hard,ZORP,15,7,2,1,0
41874,validated_hard,ZORP,15,7,3,2,1
41874,validated_hard,ZORP,9,7,0,0,0
41874,validated_hard,ZORP,9,7,1,0,0
41874,validated_hard,ZORP,9,7,2,3,0
41874,validated_hard,ZORP,9,7,3,0,0
41874,validated_hard,ZORP,7,3,0,3,0
41874,validated_hard,ZORP,7,3,1,2,1
41874,validated_hard,ZORP,7,9,0,1,0
41874,validated_hard,ZORP,7,9,1,3,0
41874,validated_hard,ZORP,7,9,2,1,0
41874,validated_hard,ZORP,7,9,3,1,0
41874,validated_hard,ZORP,10,7,0,0,1
41874,validated_hard,ZORP,12,5,0,1,0
41874,validated_hard,ZORP,12,5,1,1,0
41874,validated_hard,ZORP,12,5,2,2,0
41874,validated_hard,ZORP,12,5,3,0,0
41874,validated_hard,ZORP,13,6,0,2,1
41874,validated_hard,ZORP,14,5,0,3,0
41874,validated_hard,ZORP,14,5,1,2,0
41874,validated_hard,ZORP,14,5,2,0,1
41874,validated_hard,ZORP,14,9,0,1,0
41874,validated_hard,ZORP,14,9,1,0,1
41874,validated_hard,ZORP,7,7,0,2,1
41874,validated_hard,ZORP,13,2,0,1,0
41874,validated_hard,ZORP,13,2,1,1,0
41874,validated_hard,ZORP,13,2,2,3,0
41874,validated_hard,ZORP,13,2,3,2,1
41874,validated_hard,ZORP,14,3,0,0,1
41874,validated_hard,ZORP,0,7,0,0,0
41874,validated_hard,ZORP,0,7,1,0,0
41874,validated_hard,ZORP,0,7,2,0,0
41874,validated_hard,ZORP,0,7,3,2,0
41874,validated_hard,ZORP,4,3,0,0,0
41874,validated_hard,ZORP,4,3,1,3,1
41874,validated_hard,ZORP,3,13,0,0,0
41874,validated_hard,ZORP,3,13,1,0,0
41874,validated_hard,ZORP,3,13,2,2,1
41874,validated_hard,ZORP,9,14,0,3,0
41874,validated_hard,ZORP,9,14,1,1,0
41874,validated_hard,ZORP,9,14,2,1,0
41874,validated_hard,ZORP,9,14,3,0,0
41874,validated_hard,ZORP,14,2,0,3,1
41874,validated_hard,ZORP,13,1,0,2,0
41874,validated_hard,ZORP,13,1,1,2,0
41874,validated_hard,ZORP,13,1,2,2,0
41874,validated_hard,ZORP,13,1,3,0,0
41874,validated_hard,ZORP,15,5,0,3,0
41874,validated_hard,ZORP,15,5,1,0,0
41874,validated_hard,ZORP,15,5,2,2,1
41874,validated_hard,ZORP,9,12,0,3,0
41874,validated_hard,ZORP,9,12,1,3,0
41874,validated_hard,ZORP,9,12,2,1,0
41874,validated_hard,ZORP,9,12,3,3,0
41874,validated_hard,ZORP,4,12,0,0,1
41874,validated_hard,ZORP,5,12,0,0,0
41874,validated_hard,ZORP,5,12,1,0,0
41874,validated_hard,ZORP,5,12,2,1,0
41874,validated_hard,ZORP,5,12,3,0,0
41874,validated_hard,ZORP,12,6,0,3,0
41874,validated_hard,ZORP,12,6,1,3,0
41874,validated_hard,ZORP,12,6,2,3,0
41874,validated_hard,ZORP,12,6,3,1,0
41874,validated_hard,ZORP,15,12,0,0,0
41874,validated_hard,ZORP,15,12,1,0,0
41874,validated_hard,ZORP,15,12,2,3,0
41874,validated_hard,ZORP,15,12,3,1,1
41874,validated_hard,ZORP,15,4,0,2,0
41874,validated_hard,ZORP,15,4,1,1,1
41874,validated_hard,ZORP,5,14,0,2,1
41874,validated_hard,ZORP,15,3,0,2,1
41874,validated_hard,ZORP,15,14,0,2,0
41874,validated_hard,ZORP,15,14,1,3,0
41874,validated_hard,ZORP,15,14,2,0,0
41874,validated_hard,ZORP,15,14,3,2,0
41874,validated_hard,ZORP,5,4,0,1,0
41874,validated_hard,ZORP,5,4,1,1,0
41874,validated_hard,ZORP,5,4,2,1,0
41874,validated_hard,ZORP,5,4,3,0,0
41874,validated_hard,ZORP,9,9,0,1,1
41874,validated_hard,ZORP,2,14,0,1,0
41874,validated_hard,ZORP,2,14,1,0,0
41874,validated_hard,ZORP,2,14,2,1,0
41874,validated_hard,ZORP,2,14,3,3,1
41874,validated_hard,ZORP,14,11,0,3,0
41874,validated_hard,ZORP,14,11,1,1,0
41874,validated_hard,ZORP,14,11,2,0,1
41874,validated_hard,ZORP,11,5,0,2,1
41874,validated_hard,ZORP,11,15,0,2,1
41874,validated_hard,ZORP,11,4,0,0,0
41874,validated_hard,ZORP,11,4,1,3,0
41874,validated_hard,ZORP,11,4,2,2,0
41874,validated_hard,ZORP,11,4,3,0,0
41874,validated_hard,ZORP,15,6,0,3,0
41874,validated_hard,ZORP,15,6,1,3,0
41874,validated_hard,ZORP,15,6,2,1,1
41874,validated_hard,ZORP,15,2,0,1,1
41874,validated_hard,ZORP,5,15,0,2,0
41874,validated_hard,ZORP,5,15,1,2,0
41874,validated_hard,ZORP,5,15,2,3,0
41874,validated_hard,ZORP,5,15,3,3,0
41874,validated_hard,ZORP,4,11,0,2,0
41874,validated_hard,ZORP,4,11,1,0,0
41874,validated_hard,ZORP,4,11,2,0,0
41874,validated_hard,ZORP,4,11,3,2,0
41874,validated_hard,ZORP,2,12,0,3,1
41874,validated_hard,ZORP,4,14,0,1,0
41874,validated_hard,ZORP,4,14,1,0,1
41874,validated_hard,ZORP,3,8,0,1,1
41874,validated_hard,ZORP,12,1,0,2,0
41874,validated_hard,ZORP,12,1,1,0,0
41874,validated_hard,ZORP,12,1,2,1,0
41874,validated_hard,ZORP,12,1,3,0,0
41874,validated_hard,ZORP,4,15,0,2,0
41874,validated_hard,ZORP,4,15,1,0,0
41874,validated_hard,ZORP,4,15,2,0,0
41874,validated_hard,ZORP,4,15,3,2,0
41874,validated_dream,ZORP,8,7,0,3,1
41874,validated_dream,ZORP,7,10,0,0,0
41874,validated_dream,ZORP,7,10,1,0,0
41874,validated_dream,ZORP,7,10,2,1,1
41874,validated_dream,ZORP,12,7,0,0,0
41874,validated_dream,ZORP,12,7,1,3,1
41874,validated_dream,ZORP,15,7,0,0,0
41874,validated_dream,ZORP,15,7,1,1,0
41874,validated_dream,ZORP,15,7,2,2,1
41874,validated_dream,ZORP,9,7,0,2,0
41874,validated_dream,ZORP,9,7,1,2,0
41874,validated_dream,ZORP,9,7,2,1,1
41874,validated_dream,ZORP,7,9,0,0,0
41874,validated_dream,ZORP,7,9,1,3,0
41874,validated_dream,ZORP,7,9,2,1,0
41874,validated_dream,ZORP,7,9,3,2,1
41874,validated_dream,ZORP,10,7,0,2,0
41874,validated_dream,ZORP,10,7,1,1,0
41874,validated_dream,ZORP,10,7,2,1,0
41874,validated_dream,ZORP,10,7,3,3,0
41874,validated_dream,ZORP,12,5,0,3,1
41874,validated_dream,ZORP,13,6,0,0,0
41874,validated_dream,ZORP,13,6,1,0,0
41874,validated_dream,ZORP,13,6,2,0,0
41874,validated_dream,ZORP,13,6,3,3,0
41874,validated_dream,ZORP,14,5,0,0,1
41874,validated_dream,ZORP,13,2,0,3,0
41874,validated_dream,ZORP,13,2,1,1,0
41874,validated_dream,ZORP,13,2,2,0,0
41874,validated_dream,ZORP,13,2,3,0,0
41874,validated_dream,ZORP,14,3,0,1,0
41874,validated_dream,ZORP,14,3,1,0,1
41874,validated_dream,ZORP,3,13,0,3,0
41874,validated_dream,ZORP,3,13,1,0,0
41874,validated_dream,ZORP,3,13,2,0,0
41874,validated_dream,ZORP,3,13,3,0,0
41874,validated_dream,ZORP,14,2,0,0,0
41874,validated_dream,ZORP,14,2,1,3,1
41874,validated_dream,ZORP,13,1,0,1,1
41874,validated_dream,ZORP,15,5,0,2,1
41874,validated_dream,ZORP,4,12,0,1,0
41874,validated_dream,ZORP,4,12,1,3,0
41874,validated_dream,ZORP,4,12,2,0,1
41874,validated_dream,ZORP,5,12,0,0,0
41874,validated_dream,ZORP,5,12,1,2,1
41874,validated_dream,ZORP,12,6,0,2,0
41874,validated_dream,ZORP,12,6,1,1,0
41874,validated_dream,ZORP,12,6,2,3,0
41874,validated_dream,ZORP,12,6,3,3,0
41874,validated_dream,ZORP,15,4,0,2,0
41874,validated_dream,ZORP,15,4,1,3,0
41874,validated_dream,ZORP,15,4,2,0,0
41874,validated_dream,ZORP,15,4,3,1,1
41874,validated_dream,ZORP,5,14,0,0,0
41874,validated_dream,ZORP,5,14,1,0,0
41874,validated_dream,ZORP,5,14,2,3,0
41874,validated_dream,ZORP,5,14,3,0,0
41874,validated_dream,ZORP,15,3,0,0,0
41874,validated_dream,ZORP,15,3,1,3,0
41874,validated_dream,ZORP,15,3,2,1,0
41874,validated_dream,ZORP,15,3,3,3,0
41874,validated_dream,ZORP,2,14,0,2,0
41874,validated_dream,ZORP,2,14,1,2,0
41874,validated_dream,ZORP,2,14,2,3,1
41874,validated_dream,ZORP,11,5,0,0,0
41874,validated_dream,ZORP,11,5,1,3,0
41874,validated_dream,ZORP,11,5,2,1,0
41874,validated_dream,ZORP,11,5,3,0,0
41874,validated_dream,ZORP,11,4,0,2,0
41874,validated_dream,ZORP,11,4,1,0,0
41874,validated_dream,ZORP,11,4,2,3,0
41874,validated_dream,ZORP,11,4,3,1,1
41874,validated_dream,ZORP,15,6,0,3,0
41874,validated_dream,ZORP,15,6,1,1,1
41874,validated_dream,ZORP,15,2,0,1,1
41874,validated_dream,ZORP,5,15,0,0,0
41874,validated_dream,ZORP,5,15,1,1,1
41874,validated_dream,ZORP,4,11,0,2,0
41874,validated_dream,ZORP,4,11,1,0,0
41874,validated_dream,ZORP,4,11,2,0,0
41874,validated_dream,ZORP,4,11,3,0,0
41874,validated_dream,ZORP,2,12,0,1,0
41874,validated_dream,ZORP,2,12,1,1,0
41874,validated_dream,ZORP,2,12,2,0,0
41874,validated_dream,ZORP,2,12,3,2,0
41874,validated_dream,ZORP,4,14,0,0,1
41874,validated_dream,ZORP,3,8,0,0,0
41874,validated_dream,ZORP,3,8,1,0,0
41874,validated_dream,ZORP,3,8,2,3,0
41874,validated_dream,ZORP,3,8,3,1,1
41874,validated_dream,ZORP,12,1,0,0,0
41874,validated_dream,ZORP,12,1,1,0,0
41874,validated_dream,ZORP,12,1,2,2,0
41874,validated_dream,ZORP,12,1,3,1,0
41874,validated_dream,ZORP,4,15,0,3,1
41874,validated_dream,ZORP,3,11,0,0,0
41874,validated_dream,ZORP,3,11,1,1,0
41874,validated_dream,ZORP,3,11,2,3,0
41874,validated_dream,ZORP,3,11,3,0,0
41874,validated_dream,ZORP,5,11,0,0,0
41874,validated_dream,ZORP,5,11,1,2,0
41874,validated_dream,ZORP,5,11,2,1,1
41874,validated_dream,ZORP,13,0,0,1,0
41874,validated_dream,ZORP,13,0,1,1,0
41874,validated_dream,ZORP,13,0,2,0,0
41874,validated_dream,ZORP,13,0,3,1,0
41874,validated_dream,ZORP,8,3,0,2,0
41874,validated_dream,ZORP,8,3,1,0,0
41874,validated_dream,ZORP,8,3,2,1,0
41874,validated_dream,ZORP,8,3,3,1,0
41874,validated_dream,ZORP,2,11,0,3,0
41874,validated_dream,ZORP,2,11,1,3,0
41874,validated_dream,ZORP,2,11,2,3,0
41874,validated_dream,ZORP,2,11,3,0,1
41874,validated_dream,ZORP,8,2,0,3,0
41874,validated_dream,ZORP,8,2,1,3,0
41874,validated_dream,ZORP,8,2,2,1,0
41874,validated_dream,ZORP,8,2,3,0,1
41874,validated_dream,ZORP,11,2,0,0,0
41874,validated_dream,ZORP,11,2,1,0,0
41874,validated_dream,ZORP,11,2,2,3,0
41874,validated_dream,ZORP,11,2,3,2,0
41874,validated_dream,ZORP,6,13,0,0,1
41874,validated_dream,ZORP,14,0,0,0,0
41874,validated_dream,ZORP,14,0,1,3,1
41874,validated_dream,ZORP,15,0,0,1,1
41874,validated_dream,ZORP,3,10,0,2,0
41874,validated_dream,ZORP,3,10,1,0,0
41874,validated_dream,ZORP,3,10,2,0,0
41874,validated_dream,ZORP,3,10,3,1,1
41874,validated_dream,ZORP,11,1,0,3,0
41874,validated_dream,ZORP,11,1,1,0,0
41874,validated_dream,ZORP,11,1,2,0,0
41874,validated_dream,ZORP,11,1,3,0,0
41874,validated_dream,ZORP,5,10,0,0,0
41874,validated_dream,ZORP,5,10,1,0,0
41874,validated_dream,ZORP,5,10,2,3,0
41874,validated_dream,ZORP,5,10,3,1,0
41874,validated_dream,ZORP,12,0,0,2,0
41874,validated_dream,ZORP,12,0,1,0,1
41874,validated_hard_anchor,ZORP,3,7,0,2,1
41874,validated_hard_anchor,ZORP,8,7,0,3,1
41874,validated_hard_anchor,ZORP,7,10,0,3,0
41874,validated_hard_anchor,ZORP,7,10,1,1,1
41874,validated_hard_anchor,ZORP,12,7,0,2,0
41874,validated_hard_anchor,ZORP,12,7,1,0,0
41874,validated_hard_anchor,ZORP,12,7,2,1,0
41874,validated_hard_anchor,ZORP,12,7,3,2,0
41874,validated_hard_anchor,ZORP,15,7,0,1,0
41874,validated_hard_anchor,ZORP,15,7,1,0,0
41874,validated_hard_anchor,ZORP,15,7,2,0,0
41874,validated_hard_anchor,ZORP,15,7,3,2,1
41874,validated_hard_anchor,ZORP,9,7,0,0,0
41874,validated_hard_anchor,ZORP,9,7,1,0,0
41874,validated_hard_anchor,ZORP,9,7,2,3,0
41874,validated_hard_anchor,ZORP,9,7,3,1,1
41874,validated_hard_anchor,ZORP,7,3,0,2,1
41874,validated_hard_anchor,ZORP,7,9,0,1,0
41874,validated_hard_anchor,ZORP,7,9,1,1,0
41874,validated_hard_anchor,ZORP,7,9,2,0,0
41874,validated_hard_anchor,ZORP,7,9,3,0,0
41874,validated_hard_anchor,ZORP,10,7,0,3,0
41874,validated_hard_anchor,ZORP,10,7,1,1,0
41874,validated_hard_anchor,ZORP,10,7,2,2,0
41874,validated_hard_anchor,ZORP,10,7,3,1,0
41874,validated_hard_anchor,ZORP,12,5,0,2,0
41874,validated_hard_anchor,ZORP,12,5,1,1,0
41874,validated_hard_anchor,ZORP,12,5,2,2,0
41874,validated_hard_anchor,ZORP,12,5,3,1,0
41874,validated_hard_anchor,ZORP,13,6,0,3,0
41874,validated_hard_anchor,ZORP,13,6,1,0,0
41874,validated_hard_anchor,ZORP,13,6,2,0,0
41874,validated_hard_anchor,ZORP,13,6,3,1,0
41874,validated_hard_anchor,ZORP,14,5,0,2,0
41874,validated_hard_anchor,ZORP,14,5,1,2,0
41874,validated_hard_anchor,ZORP,14,5,2,2,0
41874,validated_hard_anchor,ZORP,14,5,3,1,0
41874,validated_hard_anchor,ZORP,14,9,0,2,0
41874,validated_hard_anchor,ZORP,14,9,1,1,0
41874,validated_hard_anchor,ZORP,14,9,2,3,0
41874,validated_hard_anchor,ZORP,14,9,3,2,0
41874,validated_hard_anchor,ZORP,7,7,0,1,0
41874,validated_hard_anchor,ZORP,7,7,1,1,0
41874,validated_hard_anchor,ZORP,7,7,2,2,1
41874,validated_hard_anchor,ZORP,13,2,0,3,0
41874,validated_hard_anchor,ZORP,13,2,1,1,0
41874,validated_hard_anchor,ZORP,13,2,2,2,1
41874,validated_hard_anchor,ZORP,14,3,0,0,1
41874,validated_hard_anchor,ZORP,0,7,0,0,0
41874,validated_hard_anchor,ZORP,0,7,1,1,0
41874,validated_hard_anchor,ZORP,0,7,2,2,0
41874,validated_hard_anchor,ZORP,0,7,3,1,0
41874,validated_hard_anchor,ZORP,4,3,0,1,0
41874,validated_hard_anchor,ZORP,4,3,1,0,0
41874,validated_hard_anchor,ZORP,4,3,2,1,0
41874,validated_hard_anchor,ZORP,4,3,3,0,0
41874,validated_hard_anchor,ZORP,3,13,0,1,0
41874,validated_hard_anchor,ZORP,3,13,1,2,1
41874,validated_hard_anchor,ZORP,9,14,0,0,0
41874,validated_hard_anchor,ZORP,9,14,1,3,0
41874,validated_hard_anchor,ZORP,9,14,2,2,1
41874,validated_hard_anchor,ZORP,14,2,0,1,0
41874,validated_hard_anchor,ZORP,14,2,1,1,0
41874,validated_hard_anchor,ZORP,14,2,2,2,0
41874,validated_hard_anchor,ZORP,14,2,3,0,0
41874,validated_hard_anchor,ZORP,13,1,0,2,0
41874,validated_hard_anchor,ZORP,13,1,1,2,0
41874,validated_hard_anchor,ZORP,13,1,2,3,0
41874,validated_hard_anchor,ZORP,13,1,3,2,0
41874,validated_hard_anchor,ZORP,15,5,0,1,0
41874,validated_hard_anchor,ZORP,15,5,1,3,0
41874,validated_hard_anchor,ZORP,15,5,2,0,0
41874,validated_hard_anchor,ZORP,15,5,3,1,0
41874,validated_hard_anchor,ZORP,9,12,0,0,0
41874,validated_hard_anchor,ZORP,9,12,1,1,0
41874,validated_hard_anchor,ZORP,9,12,2,3,0
41874,validated_hard_anchor,ZORP,9,12,3,2,1
41874,validated_hard_anchor,ZORP,4,12,0,2,0
41874,validated_hard_anchor,ZORP,4,12,1,0,1
41874,validated_hard_anchor,ZORP,5,12,0,1,0
41874,validated_hard_anchor,ZORP,5,12,1,0,0
41874,validated_hard_anchor,ZORP,5,12,2,0,0
41874,validated_hard_anchor,ZORP,5,12,3,3,0
41874,validated_hard_anchor,ZORP,12,6,0,1,0
41874,validated_hard_anchor,ZORP,12,6,1,2,0
41874,validated_hard_anchor,ZORP,12,6,2,3,0
41874,validated_hard_anchor,ZORP,12,6,3,3,0
41874,validated_hard_anchor,ZORP,15,12,0,1,1
41874,validated_hard_anchor,ZORP,15,4,0,0,0
41874,validated_hard_anchor,ZORP,15,4,1,0,0
41874,validated_hard_anchor,ZORP,15,4,2,0,0
41874,validated_hard_anchor,ZORP,15,4,3,3,0
41874,validated_hard_anchor,ZORP,5,14,0,0,0
41874,validated_hard_anchor,ZORP,5,14,1,0,0
41874,validated_hard_anchor,ZORP,5,14,2,0,0
41874,validated_hard_anchor,ZORP,5,14,3,2,1
41874,validated_hard_anchor,ZORP,15,3,0,2,1
41874,validated_hard_anchor,ZORP,15,14,0,1,1
41874,validated_hard_anchor,ZORP,5,4,0,2,1
41874,validated_hard_anchor,ZORP,9,9,0,0,0
41874,validated_hard_anchor,ZORP,9,9,1,2,0
41874,validated_hard_anchor,ZORP,9,9,2,1,1
41874,validated_hard_anchor,ZORP,2,14,0,0,0
41874,validated_hard_anchor,ZORP,2,14,1,3,1
41874,validated_hard_anchor,ZORP,14,11,0,0,1
41874,validated_hard_anchor,ZORP,11,5,0,2,1
41874,validated_hard_anchor,ZORP,11,15,0,2,1
41874,validated_hard_anchor,ZORP,11,4,0,1,1
41874,validated_hard_anchor,ZORP,15,6,0,2,0
41874,validated_hard_anchor,ZORP,15,6,1,3,0
41874,validated_hard_anchor,ZORP,15,6,2,3,0
41874,validated_hard_anchor,ZORP,15,6,3,3,0
41874,validated_hard_anchor,ZORP,15,2,0,0,0
41874,validated_hard_anchor,ZORP,15,2,1,1,1
41874,validated_hard_anchor,ZORP,5,15,0,1,1
41874,validated_hard_anchor,ZORP,4,11,0,0,0
41874,validated_hard_anchor,ZORP,4,11,1,0,0
41874,validated_hard_anchor,ZORP,4,11,2,0,0
41874,validated_hard_anchor,ZORP,4,11,3,3,1
41874,validated_hard_anchor,ZORP,2,12,0,0,0
41874,validated_hard_anchor,ZORP,2,12,1,1,0
41874,validated_hard_anchor,ZORP,2,12,2,3,1
41874,validated_hard_anchor,ZORP,4,14,0,1,0
41874,validated_hard_anchor,ZORP,4,14,1,1,0
41874,validated_hard_anchor,ZORP,4,14,2,3,0
41874,validated_hard_anchor,ZORP,4,14,3,1,0
41874,validated_hard_anchor,ZORP,3,8,0,1,1
41874,validated_hard_anchor,ZORP,12,1,0,1,0
41874,validated_hard_anchor,ZORP,12,1,1,0,0
41874,validated_hard_anchor,ZORP,12,1,2,2,0
41874,validated_hard_anchor,ZORP,12,1,3,0,0
41874,validated_hard_anchor,ZORP,4,15,0,1,0
41874,validated_hard_anchor,ZORP,4,15,1,1,0
41874,validated_hard_anchor,ZORP,4,15,2,0,0
41874,validated_hard_anchor,ZORP,4,15,3,0,0
41971,validated_uniform,ZORP,3,6,0,0,0
41971,validated_uniform,ZORP,3,6,1,2,0
41971,validated_uniform,ZORP,3,6,2,2,0
41971,validated_uniform,ZORP,3,6,3,0,0
41971,validated_uniform,ZORP,4,0,0,2,0
41971,validated_uniform,ZORP,4,0,1,2,0
41971,validated_uniform,ZORP,4,0,2,2,0
41971,validated_uniform,ZORP,4,0,3,3,0
41971,validated_uniform,ZORP,12,6,0,2,0
41971,validated_uniform,ZORP,12,6,1,2,0
41971,validated_uniform,ZORP,12,6,2,2,0
41971,validated_uniform,ZORP,12,6,3,0,1
41971,validated_uniform,ZORP,8,0,0,2,0
41971,validated_uniform,ZORP,8,0,1,2,0
41971,validated_uniform,ZORP,8,0,2,2,0
41971,validated_uniform,ZORP,8,0,3,2,0
41971,validated_uniform,ZORP,9,0,0,0,0
41971,validated_uniform,ZORP,9,0,1,2,0
41971,validated_uniform,ZORP,9,0,2,3,1
41971,validated_uniform,ZORP,1,13,0,2,0
41971,validated_uniform,ZORP,1,13,1,3,0
41971,validated_uniform,ZORP,1,13,2,2,0
41971,validated_uniform,ZORP,1,13,3,3,0
41971,validated_uniform,ZORP,14,3,0,1,0
41971,validated_uniform,ZORP,14,3,1,2,1
41971,validated_uniform,ZORP,6,15,0,2,1
41971,validated_uniform,ZORP,12,2,0,3,0
41971,validated_uniform,ZORP,12,2,1,1,0
41971,validated_uniform,ZORP,12,2,2,3,0
41971,validated_uniform,ZORP,12,2,3,1,0
41971,validated_uniform,ZORP,8,12,0,0,0
41971,validated_uniform,ZORP,8,12,1,1,1
41971,validated_uniform,ZORP,11,6,0,3,1
41971,validated_uniform,ZORP,14,12,0,0,1
41971,validated_uniform,ZORP,13,4,0,2,0
41971,validated_uniform,ZORP,13,4,1,2,0
41971,validated_uniform,ZORP,13,4,2,2,0
41971,validated_uniform,ZORP,13,4,3,2,0
41971,validated_uniform,ZORP,8,14,0,2,0
41971,validated_uniform,ZORP,8,14,1,2,0
41971,validated_uniform,ZORP,8,14,2,3,0
41971,validated_uniform,ZORP,8,14,3,0,1
41971,validated_uniform,ZORP,4,14,0,0,1
41971,validated_uniform,ZORP,4,8,0,3,0
41971,validated_uniform,ZORP,4,8,1,3,0
41971,validated_uniform,ZORP,4,8,2,2,0
41971,validated_uniform,ZORP,4,8,3,0,0
41971,validated_uniform,ZORP,7,11,0,2,0
41971,validated_uniform,ZORP,7,11,1,3,0
41971,validated_uniform,ZORP,7,11,2,3,0
41971,validated_uniform,ZORP,7,11,3,2,0
41971,validated_uniform,ZORP,6,10,0,2,0
41971,validated_uniform,ZORP,6,10,1,0,0
41971,validated_uniform,ZORP,6,10,2,1,1
41971,validated_uniform,ZORP,10,3,0,1,0
41971,validated_uniform,ZORP,10,3,1,2,1
41971,validated_uniform,ZORP,10,5,0,0,0
41971,validated_uniform,ZORP,10,5,1,2,0
41971,validated_uniform,ZORP,10,5,2,0,0
41971,validated_uniform,ZORP,10,5,3,2,0
41971,validated_uniform,ZORP,1,11,0,1,0
41971,validated_uniform,ZORP,1,11,1,1,0
41971,validated_uniform,ZORP,1,11,2,2,0
41971,validated_uniform,ZORP,1,11,3,1,0
41971,validated_uniform,ZORP,11,13,0,3,0
41971,validated_uniform,ZORP,11,13,1,2,0
41971,validated_uniform,ZORP,11,13,2,0,1
41971,validated_uniform,ZORP,12,1,0,0,0
41971,validated_uniform,ZORP,12,1,1,0,0
41971,validated_uniform,ZORP,12,1,2,0,0
41971,validated_uniform,ZORP,12,1,3,1,0
41971,validated_uniform,ZORP,15,5,0,1,0
41971,validated_uniform,ZORP,15,5,1,1,0
41971,validated_uniform,ZORP,15,5,2,2,0
41971,validated_uniform,ZORP,15,5,3,1,0
41971,validated_uniform,ZORP,8,4,0,1,1
41971,validated_uniform,ZORP,3,12,0,1,0
41971,validated_uniform,ZORP,3,12,1,1,0
41971,validated_uniform,ZORP,3,12,2,2,1
41971,validated_uniform,ZORP,7,14,0,1,0
41971,validated_uniform,ZORP,7,14,1,3,1
41971,validated_uniform,ZORP,12,5,0,2,1
41971,validated_uniform,ZORP,0,8,0,0,0
41971,validated_uniform,ZORP,0,8,1,2,0
41971,validated_uniform,ZORP,0,8,2,0,0
41971,validated_uniform,ZORP,0,8,3,2,0
41971,validated_uniform,ZORP,2,15,0,2,1
41971,validated_uniform,ZORP,14,5,0,2,0
41971,validated_uniform,ZORP,14,5,1,2,0
41971,validated_uniform,ZORP,14,5,2,2,0
41971,validated_uniform,ZORP,14,5,3,2,0
41971,validated_uniform,ZORP,14,13,0,0,0
41971,validated_uniform,ZORP,14,13,1,0,0
41971,validated_uniform,ZORP,14,13,2,2,0
41971,validated_uniform,ZORP,14,13,3,2,0
41971,validated_uniform,ZORP,11,14,0,0,0
41971,validated_uniform,ZORP,11,14,1,2,0
41971,validated_uniform,ZORP,11,14,2,3,1
41971,validated_uniform,ZORP,15,6,0,3,1
41971,validated_uniform,ZORP,2,6,0,0,0
41971,validated_uniform,ZORP,2,6,1,1,1
41971,validated_uniform,ZORP,14,1,0,3,1
41971,validated_uniform,ZORP,0,14,0,2,0
41971,validated_uniform,ZORP,0,14,1,0,1
41971,validated_uniform,ZORP,0,15,0,0,0
41971,validated_uniform,ZORP,0,15,1,0,0
41971,validated_uniform,ZORP,0,15,2,0,0
41971,validated_uniform,ZORP,0,15,3,0,0
41971,validated_uniform,ZORP,9,12,0,2,0
41971,validated_uniform,ZORP,9,12,1,2,0
41971,validated_uniform,ZORP,9,12,2,2,0
41971,validated_uniform,ZORP,9,12,3,2,0
41971,validated_uniform,ZORP,11,15,0,2,0
41971,validated_uniform,ZORP,11,15,1,2,0
41971,validated_uniform,ZORP,11,15,2,0,0
41971,validated_uniform,ZORP,11,15,3,2,0
41971,validated_uniform,ZORP,2,10,0,3,0
41971,validated_uniform,ZORP,2,10,1,3,0
41971,validated_uniform,ZORP,2,10,2,2,0
41971,validated_uniform,ZORP,2,10,3,1,1
41971,validated_uniform,ZORP,13,7,0,2,0
41971,validated_uniform,ZORP,13,7,1,1,0
41971,validated_uniform,ZORP,13,7,2,0,1
41971,validated_uniform,ZORP,0,3,0,2,0
41971,validated_uniform,ZORP,0,3,1,2,0
41971,validated_uniform,ZORP,0,3,2,2,0
41971,validated_uniform,ZORP,0,3,3,1,0
41971,validated_uniform,ZORP,2,9,0,2,0
41971,validated_uniform,ZORP,2,9,1,0,0
41971,validated_uniform,ZORP,2,9,2,0,0
41971,validated_uniform,ZORP,2,9,3,2,0
41971,validated_uniform,ZORP,14,7,0,0,0
41971,validated_uniform,ZORP,14,7,1,1,0
41971,validated_uniform,ZORP,14,7,2,1,0
41971,validated_uniform,ZORP,14,7,3,0,0
41971,validated_uniform,ZORP,11,1,0,0,1
41971,validated_uniform,ZORP,10,1,0,1,0
41971,validated_uniform,ZORP,10,1,1,2,0
41971,validated_uniform,ZORP,10,1,2,3,1
41971,validated_uniform,ZORP,6,2,0,1,1
41971,validated_hard,ZORP,4,0,0,3,0
41971,validated_hard,ZORP,4,0,1,2,0
41971,validated_hard,ZORP,4,0,2,1,1
41971,validated_hard,ZORP,6,2,0,3,0
41971,validated_hard,ZORP,6,2,1,0,0
41971,validated_hard,ZORP,6,2,2,2,0
41971,validated_hard,ZORP,6,2,3,0,0
41971,validated_hard,ZORP,6,11,0,0,0
41971,validated_hard,ZORP,6,11,1,2,1
41971,validated_hard,ZORP,6,12,0,2,0
41971,validated_hard,ZORP,6,12,1,1,0
41971,validated_hard,ZORP,6,12,2,0,1
41971,validated_hard,ZORP,6,8,0,0,1
41971,validated_hard,ZORP,6,15,0,3,0
41971,validated_hard,ZORP,6,15,1,0,0
41971,validated_hard,ZORP,6,15,2,0,0
41971,validated_hard,ZORP,6,15,3,2,1
41971,validated_hard,ZORP,4,7,0,2,0
41971,validated_hard,ZORP,4,7,1,3,1
41971,validated_hard,ZORP,2,6,0,0,0
41971,validated_hard,ZORP,2,6,1,0,0
41971,validated_hard,ZORP,2,6,2,2,0
41971,validated_hard,ZORP,2,6,3,3,0
41971,validated_hard,ZORP,4,8,0,2,0
41971,validated_hard,ZORP,4,8,1,0,0
41971,validated_hard,ZORP,4,8,2,2,0
41971,validated_hard,ZORP,4,8,3,0,0
41971,validated_hard,ZORP,6,10,0,0,0
41971,validated_hard,ZORP,6,10,1,3,0
41971,validated_hard,ZORP,6,10,2,2,0
41971,validated_hard,ZORP,6,10,3,3,0
41971,validated_hard,ZORP,4,2,0,0,1
41971,validated_hard,ZORP,0,7,0,2,0
41971,validated_hard,ZORP,0,7,1,0,0
41971,validated_hard,ZORP,0,7,2,1,0
41971,validated_hard,ZORP,0,7,3,3,1
41971,validated_hard,ZORP,4,11,0,0,0
41971,validated_hard,ZORP,4,11,1,3,1
41971,validated_hard,ZORP,4,14,0,2,0
41971,validated_hard,ZORP,4,14,1,0,1
41971,validated_hard,ZORP,2,4,0,1,0
41971,validated_hard,ZORP,2,4,1,2,0
41971,validated_hard,ZORP,2,4,2,0,1
41971,validated_hard,ZORP,0,14,0,3,0
41971,validated_hard,ZORP,0,14,1,1,0
41971,validated_hard,ZORP,0,14,2,0,1
41971,validated_hard,ZORP,4,15,0,2,0
41971,validated_hard,ZORP,4,15,1,3,1
41971,validated_hard,ZORP,0,4,0,2,0
41971,validated_hard,ZORP,0,4,1,2,0
41971,validated_hard,ZORP,0,4,2,2,0
41971,validated_hard,ZORP,0,4,3,3,0
41971,validated_hard,ZORP,4,10,0,2,0
41971,validated_hard,ZORP,4,10,1,2,0
41971,validated_hard,ZORP,4,10,2,2,0
41971,validated_hard,ZORP,4,10,3,3,0
41971,validated_hard,ZORP,2,9,0,3,1
41971,validated_hard,ZORP,2,15,0,2,1
41971,validated_hard,ZORP,0,8,0,2,0
41971,validated_hard,ZORP,0,8,1,0,0
41971,validated_hard,ZORP,0,8,2,2,0
41971,validated_hard,ZORP,0,8,3,2,0
41971,validated_hard,ZORP,0,3,0,2,0
41971,validated_hard,ZORP,0,3,1,1,0
41971,validated_hard,ZORP,0,3,2,2,0
41971,validated_hard,ZORP,0,3,3,2,0
41971,validated_hard,ZORP,0,15,0,1,0
41971,validated_hard,ZORP,0,15,1,2,0
41971,validated_hard,ZORP,0,15,2,1,0
41971,validated_hard,ZORP,0,15,3,1,0
41971,validated_hard,ZORP,0,0,0,1,1
41971,validated_hard,ZORP,12,0,0,1,1
41971,validated_hard,ZORP,2,10,0,2,0
41971,validated_hard,ZORP,2,10,1,3,0
41971,validated_hard,ZORP,2,10,2,0,0
41971,validated_hard,ZORP,2,10,3,2,0
41971,validated_hard,ZORP,2,2,0,0,0
41971,validated_hard,ZORP,2,2,1,2,0
41971,validated_hard,ZORP,2,2,2,0,0
41971,validated_hard,ZORP,2,2,3,0,0
41971,validated_hard,ZORP,0,10,0,0,1
41971,validated_hard,ZORP,14,7,0,2,1
41971,validated_hard,ZORP,14,1,0,3,1
41971,validated_hard,ZORP,14,2,0,3,0
41971,validated_hard,ZORP,14,2,1,0,0
41971,validated_hard,ZORP,14,2,2,2,0
41971,validated_hard,ZORP,14,2,3,2,0
41971,validated_hard,ZORP,14,3,0,2,1
41971,validated_hard,ZORP,8,0,0,2,0
41971,validated_hard,ZORP,8,0,1,0,0
41971,validated_hard,ZORP,8,0,2,3,0
41971,validated_hard,ZORP,8,0,3,0,0
41971,validated_hard,ZORP,14,13,0,0,0
41971,validated_hard,ZORP,14,13,1,2,0
41971,validated_hard,ZORP,14,13,2,0,0
41971,validated_hard,ZORP,14,13,3,0,0
41971,validated_hard,ZORP,14,12,0,0,1
41971,validated_hard,ZORP,12,6,0,0,1
41971,validated_hard,ZORP,14,5,0,3,1
41971,validated_hard,ZORP,8,4,0,2,0
41971,validated_hard,ZORP,8,4,1,2,0
41971,validated_hard,ZORP,8,4,2,0,0
41971,validated_hard,ZORP,8,4,3,2,0
41971,validated_hard,ZORP,12,2,0,2,0
41971,validated_hard,ZORP,12,2,1,3,0
41971,validated_hard,ZORP,12,2,2,2,0
41971,validated_hard,ZORP,12,2,3,1,0
41971,validated_hard,ZORP,12,1,0,2,1
41971,validated_hard,ZORP,8,3,0,3,1
41971,validated_hard,ZORP,8,2,0,2,0
41971,validated_hard,ZORP,8,2,1,2,0
41971,validated_hard,ZORP,8,2,2,0,1
41971,validated_hard,ZORP,8,14,0,2,0
41971,validated_hard,ZORP,8,14,1,0,1
41971,validated_hard,ZORP,8,1,0,2,1
41971,validated_hard,ZORP,12,11,0,2,0
41971,validated_hard,ZORP,12,11,1,2,0
41971,validated_hard,ZORP,12,11,2,2,0
41971,validated_hard,ZORP,12,11,3,2,0
41971,validated_hard,ZORP,9,0,0,3,1
41971,validated_hard,ZORP,8,12,0,2,0
41971,validated_hard,ZORP,8,12,1,0,0
41971,validated_hard,ZORP,8,12,2,2,0
41971,validated_hard,ZORP,8,12,3,1,1
41971,validated_dream,ZORP,6,11,0,0,0
41971,validated_dream,ZORP,6,11,1,3,0
41971,validated_dream,ZORP,6,11,2,1,0
41971,validated_dream,ZORP,6,11,3,0,0
41971,validated_dream,ZORP,6,12,0,0,1
41971,validated_dream,ZORP,6,8,0,0,1
41971,validated_dream,ZORP,6,15,0,1,0
41971,validated_dream,ZORP,6,15,1,3,0
41971,validated_dream,ZORP,6,15,2,3,0
41971,validated_dream,ZORP,6,15,3,2,1
41971,validated_dream,ZORP,4,8,0,2,0
41971,validated_dream,ZORP,4,8,1,2,0
41971,validated_dream,ZORP,4,8,2,2,0
41971,validated_dream,ZORP,4,8,3,0,0
41971,validated_dream,ZORP,6,10,0,0,0
41971,validated_dream,ZORP,6,10,1,0,0
41971,validated_dream,ZORP,6,10,2,0,0
41971,validated_dream,ZORP,6,10,3,1,1
41971,validated_dream,ZORP,4,11,0,3,1
41971,validated_dream,ZORP,4,14,0,2,0
41971,validated_dream,ZORP,4,14,1,2,0
41971,validated_dream,ZORP,4,14,2,2,0
41971,validated_dream,ZORP,4,14,3,0,1
41971,validated_dream,ZORP,0,14,0,2,0
41971,validated_dream,ZORP,0,14,1,2,0
41971,validated_dream,ZORP,0,14,2,3,0
41971,validated_dream,ZORP,0,14,3,2,0
41971,validated_dream,ZORP,4,15,0,2,0
41971,validated_dream,ZORP,4,15,1,3,1
41971,validated_dream,ZORP,4,10,0,0,1
41971,validated_dream,ZORP,2,9,0,0,0
41971,validated_dream,ZORP,2,9,1,1,0
41971,validated_dream,ZORP,2,9,2,3,1
41971,validated_dream,ZORP,2,15,0,2,1
41971,validated_dream,ZORP,0,8,0,2,0
41971,validated_dream,ZORP,0,8,1,0,0
41971,validated_dream,ZORP,0,8,2,0,0
41971,validated_dream,ZORP,0,8,3,3,0
41971,validated_dream,ZORP,0,15,0,0,0
41971,validated_dream,ZORP,0,15,1,2,0
41971,validated_dream,ZORP,0,15,2,2,0
41971,validated_dream,ZORP,0,15,3,1,0
41971,validated_dream,ZORP,12,0,0,3,0
41971,validated_dream,ZORP,12,0,1,2,0
41971,validated_dream,ZORP,12,0,2,3,0
41971,validated_dream,ZORP,12,0,3,0,0
41971,validated_dream,ZORP,2,10,0,1,1
41971,validated_dream,ZORP,0,10,0,2,0
41971,validated_dream,ZORP,0,10,1,0,1
41971,validated_dream,ZORP,14,7,0,1,0
41971,validated_dream,ZORP,14,7,1,2,1
41971,validated_dream,ZORP,14,1,0,0,0
41971,validated_dream,ZORP,14,1,1,2,0
41971,validated_dream,ZORP,14,1,2,2,0
41971,validated_dream,ZORP,14,1,3,1,0
41971,validated_dream,ZORP,14,2,0,1,1
41971,validated_dream,ZORP,14,3,0,2,1
41971,validated_dream,ZORP,8,0,0,0,0
41971,validated_dream,ZORP,8,0,1,2,0
41971,validated_dream,ZORP,8,0,2,2,0
41971,validated_dream,ZORP,8,0,3,3,0
41971,validated_dream,ZORP,12,6,0,1,0
41971,validated_dream,ZORP,12,6,1,0,1
41971,validated_dream,ZORP,14,5,0,2,0
41971,validated_dream,ZORP,14,5,1,3,1
41971,validated_dream,ZORP,8,4,0,1,1
41971,validated_dream,ZORP,12,2,0,3,0
41971,validated_dream,ZORP,12,2,1,2,0
41971,validated_dream,ZORP,12,2,2,1,0
41971,validated_dream,ZORP,12,2,3,2,0
41971,validated_dream,ZORP,12,1,0,2,1
41971,validated_dream,ZORP,8,3,0,2,0
41971,validated_dream,ZORP,8,3,1,1,0
41971,validated_dream,ZORP,8,3,2,0,0
41971,validated_dream,ZORP,8,3,3,1,0
41971,validated_dream,ZORP,8,2,0,1,0
41971,validated_dream,ZORP,8,2,1,0,1
41971,validated_dream,ZORP,8,1,0,2,1
41971,validated_dream,ZORP,9,0,0,2,0
41971,validated_dream,ZORP,9,0,1,1,0
41971,validated_dream,ZORP,9,0,2,0,0
41971,validated_dream,ZORP,9,0,3,2,0
41971,validated_dream,ZORP,13,6,0,0,0
41971,validated_dream,ZORP,13,6,1,2,1
41971,validated_dream,ZORP,13,4,0,2,0
41971,validated_dream,ZORP,13,4,1,0,0
41971,validated_dream,ZORP,13,4,2,2,0
41971,validated_dream,ZORP,13,4,3,2,0
41971,validated_dream,ZORP,12,5,0,2,1
41971,validated_dream,ZORP,1,13,0,1,1
41971,validated_dream,ZORP,1,8,0,0,0
41971,validated_dream,ZORP,1,8,1,3,1
41971,validated_dream,ZORP,11,6,0,1,0
41971,validated_dream,ZORP,11,6,1,0,0
41971,validated_dream,ZORP,11,6,2,2,0
41971,validated_dream,ZORP,11,6,3,2,0
41971,validated_dream,ZORP,1,11,0,1,0
41971,validated_dream,ZORP,1,11,1,2,0
41971,validated_dream,ZORP,1,11,2,2,0
41971,validated_dream,ZORP,1,11,3,1,0
41971,validated_dream,ZORP,13,7,0,2,0
41971,validated_dream,ZORP,13,7,1,2,0
41971,validated_dream,ZORP,13,7,2,2,0
41971,validated_dream,ZORP,13,7,3,2,0
41971,validated_dream,ZORP,13,1,0,2,0
41971,validated_dream,ZORP,13,1,1,2,0
41971,validated_dream,ZORP,13,1,2,1,1
41971,validated_dream,ZORP,9,6,0,1,0
41971,validated_dream,ZORP,9,6,1,1,0
41971,validated_dream,ZORP,9,6,2,2,1
41971,validated_dream,ZORP,11,3,0,2,0
41971,validated_dream,ZORP,11,3,1,2,0
41971,validated_dream,ZORP,11,3,2,3,0
41971,validated_dream,ZORP,11,3,3,2,0
41971,validated_dream,ZORP,11,1,0,2,0
41971,validated_dream,ZORP,11,1,1,2,0
41971,validated_dream,ZORP,11,1,2,1,0
41971,validated_dream,ZORP,11,1,3,2,0
41971,validated_dream,ZORP,3,12,0,1,0
41971,validated_dream,ZORP,3,12,1,2,1
41971,validated_dream,ZORP,1,10,0,0,0
41971,validated_dream,ZORP,1,10,1,2,1
41971,validated_dream,ZORP,3,9,0,0,1
41971,validated_dream,ZORP,10,7,0,0,0
41971,validated_dream,ZORP,10,7,1,3,0
41971,validated_dream,ZORP,10,7,2,3,0
41971,validated_dream,ZORP,10,7,3,0,0
41971,validated_hard_anchor,ZORP,4,0,0,1,1
41971,validated_hard_anchor,ZORP,6,2,0,3,0
41971,validated_hard_anchor,ZORP,6,2,1,3,0
41971,validated_hard_anchor,ZORP,6,2,2,2,0
41971,validated_hard_anchor,ZORP,6,2,3,1,1
41971,validated_hard_anchor,ZORP,6,11,0,1,0
41971,validated_hard_anchor,ZORP,6,11,1,2,1
41971,validated_hard_anchor,ZORP,6,12,0,0,1
41971,validated_hard_anchor,ZORP,6,8,0,2,0
41971,validated_hard_anchor,ZORP,6,8,1,2,0
41971,validated_hard_anchor,ZORP,6,8,2,0,1
41971,validated_hard_anchor,ZORP,6,15,0,0,0
41971,validated_hard_anchor,ZORP,6,15,1,2,1
41971,validated_hard_anchor,ZORP,4,7,0,2,0
41971,validated_hard_anchor,ZORP,4,7,1,1,0
41971,validated_hard_anchor,ZORP,4,7,2,1,0
41971,validated_hard_anchor,ZORP,4,7,3,0,0
41971,validated_hard_anchor,ZORP,2,6,0,1,1
41971,validated_hard_anchor,ZORP,4,8,0,1,1
41971,validated_hard_anchor,ZORP,6,10,0,2,0
41971,validated_hard_anchor,ZORP,6,10,1,2,0
41971,validated_hard_anchor,ZORP,6,10,2,1,1
41971,validated_hard_anchor,ZORP,4,2,0,2,0
41971,validated_hard_anchor,ZORP,4,2,1,1,0
41971,validated_hard_anchor,ZORP,4,2,2,3,0
41971,validated_hard_anchor,ZORP,4,2,3,2,0
41971,validated_hard_anchor,ZORP,0,7,0,1,0
41971,validated_hard_anchor,ZORP,0,7,1,2,0
41971,validated_hard_anchor,ZORP,0,7,2,0,0
41971,validated_hard_anchor,ZORP,0,7,3,2,0
41971,validated_hard_anchor,ZORP,4,11,0,2,0
41971,validated_hard_anchor,ZORP,4,11,1,1,0
41971,validated_hard_anchor,ZORP,4,11,2,0,0
41971,validated_hard_anchor,ZORP,4,11,3,3,1
41971,validated_hard_anchor,ZORP,4,14,0,2,0
41971,validated_hard_anchor,ZORP,4,14,1,2,0
41971,validated_hard_anchor,ZORP,4,14,2,2,0
41971,validated_hard_anchor,ZORP,4,14,3,2,0
41971,validated_hard_anchor,ZORP,2,4,0,1,0
41971,validated_hard_anchor,ZORP,2,4,1,0,1
41971,validated_hard_anchor,ZORP,0,14,0,0,1
41971,validated_hard_anchor,ZORP,4,15,0,0,0
41971,validated_hard_anchor,ZORP,4,15,1,3,1
41971,validated_hard_anchor,ZORP,0,4,0,2,0
41971,validated_hard_anchor,ZORP,0,4,1,0,0
41971,validated_hard_anchor,ZORP,0,4,2,0,0
41971,validated_hard_anchor,ZORP,0,4,3,0,0
41971,validated_hard_anchor,ZORP,4,10,0,2,0
41971,validated_hard_anchor,ZORP,4,10,1,0,1
41971,validated_hard_anchor,ZORP,2,9,0,1,0
41971,validated_hard_anchor,ZORP,2,9,1,2,0
41971,validated_hard_anchor,ZORP,2,9,2,1,0
41971,validated_hard_anchor,ZORP,2,9,3,0,0
41971,validated_hard_anchor,ZORP,2,15,0,2,1
41971,validated_hard_anchor,ZORP,0,8,0,0,0
41971,validated_hard_anchor,ZORP,0,8,1,0,0
41971,validated_hard_anchor,ZORP,0,8,2,1,1
41971,validated_hard_anchor,ZORP,0,3,0,0,0
41971,validated_hard_anchor,ZORP,0,3,1,0,0
41971,validated_hard_anchor,ZORP,0,3,2,2,0
41971,validated_hard_anchor,ZORP,0,3,3,0,0
41971,validated_hard_anchor,ZORP,0,15,0,0,0
41971,validated_hard_anchor,ZORP,0,15,1,3,1
41971,validated_hard_anchor,ZORP,0,0,0,0,0
41971,validated_hard_anchor,ZORP,0,0,1,2,0
41971,validated_hard_anchor,ZORP,0,0,2,2,0
41971,validated_hard_anchor,ZORP,0,0,3,2,0
41971,validated_hard_anchor,ZORP,12,0,0,2,0
41971,validated_hard_anchor,ZORP,12,0,1,0,0
41971,validated_hard_anchor,ZORP,12,0,2,2,0
41971,validated_hard_anchor,ZORP,12,0,3,3,0
41971,validated_hard_anchor,ZORP,2,10,0,0,0
41971,validated_hard_anchor,ZORP,2,10,1,2,0
41971,validated_hard_anchor,ZORP,2,10,2,1,1
41971,validated_hard_anchor,ZORP,2,2,0,2,0
41971,validated_hard_anchor,ZORP,2,2,1,1,1
41971,validated_hard_anchor,ZORP,0,10,0,0,1
41971,validated_hard_anchor,ZORP,14,7,0,0,0
41971,validated_hard_anchor,ZORP,14,7,1,2,1
41971,validated_hard_anchor,ZORP,14,1,0,2,0
41971,validated_hard_anchor,ZORP,14,1,1,3,1
41971,validated_hard_anchor,ZORP,14,2,0,1,1
41971,validated_hard_anchor,ZORP,14,3,0,2,1
41971,validated_hard_anchor,ZORP,8,0,0,3,0
41971,validated_hard_anchor,ZORP,8,0,1,2,0
41971,validated_hard_anchor,ZORP,8,0,2,1,1
41971,validated_hard_anchor,ZORP,14,13,0,0,0
41971,validated_hard_anchor,ZORP,14,13,1,2,0
41971,validated_hard_anchor,ZORP,14,13,2,3,1
41971,validated_hard_anchor,ZORP,14,12,0,2,0
41971,validated_hard_anchor,ZORP,14,12,1,2,0
41971,validated_hard_anchor,ZORP,14,12,2,0,1
41971,validated_hard_anchor,ZORP,12,6,0,1,0
41971,validated_hard_anchor,ZORP,12,6,1,3,0
41971,validated_hard_anchor,ZORP,12,6,2,0,1
41971,validated_hard_anchor,ZORP,14,5,0,2,0
41971,validated_hard_anchor,ZORP,14,5,1,0,0
41971,validated_hard_anchor,ZORP,14,5,2,0,0
41971,validated_hard_anchor,ZORP,14,5,3,2,0
41971,validated_hard_anchor,ZORP,8,4,0,2,0
41971,validated_hard_anchor,ZORP,8,4,1,0,0
41971,validated_hard_anchor,ZORP,8,4,2,2,0
41971,validated_hard_anchor,ZORP,8,4,3,2,0
41971,validated_hard_anchor,ZORP,12,2,0,1,0
41971,validated_hard_anchor,ZORP,12,2,1,2,0
41971,validated_hard_anchor,ZORP,12,2,2,0,1
41971,validated_hard_anchor,ZORP,12,1,0,2,1
41971,validated_hard_anchor,ZORP,8,3,0,0,0
41971,validated_hard_anchor,ZORP,8,3,1,3,1
41971,validated_hard_anchor,ZORP,8,2,0,2,0
41971,validated_hard_anchor,ZORP,8,2,1,2,0
41971,validated_hard_anchor,ZORP,8,2,2,0,1
41971,validated_hard_anchor,ZORP,8,14,0,2,0
41971,validated_hard_anchor,ZORP,8,14,1,3,0
41971,validated_hard_anchor,ZORP,8,14,2,0,1
41971,validated_hard_anchor,ZORP,8,1,0,2,1
41971,validated_hard_anchor,ZORP,12,11,0,0,0
41971,validated_hard_anchor,ZORP,12,11,1,2,0
41971,validated_hard_anchor,ZORP,12,11,2,0,0
41971,validated_hard_anchor,ZORP,12,11,3,2,0
41971,validated_hard_anchor,ZORP,9,0,0,0,0
41971,validated_hard_anchor,ZORP,9,0,1,2,0
41971,validated_hard_anchor,ZORP,9,0,2,2,0
41971,validated_hard_anchor,ZORP,9,0,3,2,0
41971,validated_hard_anchor,ZORP,8,12,0,1,1
42068,validated_uniform,ZORP,0,9,0,2,1
42068,validated_uniform,ZORP,3,10,0,0,0
42068,validated_uniform,ZORP,3,10,1,2,1
42068,validated_uniform,ZORP,12,7,0,2,0
42068,validated_uniform,ZORP,12,7,1,0,0
42068,validated_uniform,ZORP,12,7,2,1,1
42068,validated_uniform,ZORP,1,1,0,0,0
42068,validated_uniform,ZORP,1,1,1,3,1
42068,validated_uniform,ZORP,8,13,0,1,0
42068,validated_uniform,ZORP,8,13,1,1,0
42068,validated_uniform,ZORP,8,13,2,2,1
42068,validated_uniform,ZORP,4,11,0,1,1
42068,validated_uniform,ZORP,6,0,0,0,0
42068,validated_uniform,ZORP,6,0,1,3,1
42068,validated_uniform,ZORP,13,9,0,0,0
42068,validated_uniform,ZORP,13,9,1,0,0
42068,validated_uniform,ZORP,13,9,2,2,0
42068,validated_uniform,ZORP,13,9,3,2,0
42068,validated_uniform,ZORP,9,8,0,3,0
42068,validated_uniform,ZORP,9,8,1,0,0
42068,validated_uniform,ZORP,9,8,2,3,0
42068,validated_uniform,ZORP,9,8,3,3,0
42068,validated_uniform,ZORP,1,3,0,1,0
42068,validated_uniform,ZORP,1,3,1,1,0
42068,validated_uniform,ZORP,1,3,2,1,0
42068,validated_uniform,ZORP,1,3,3,3,0
42068,validated_uniform,ZORP,2,5,0,3,0
42068,validated_uniform,ZORP,2,5,1,2,0
42068,validated_uniform,ZORP,2,5,2,2,0
42068,validated_uniform,ZORP,2,5,3,1,1
42068,validated_uniform,ZORP,10,4,0,3,1
42068,validated_uniform,ZORP,9,7,0,2,0
42068,validated_uniform,ZORP,9,7,1,0,1
42068,validated_uniform,ZORP,0,3,0,1,1
42068,validated_uniform,ZORP,2,15,0,3,0
42068,validated_uniform,ZORP,2,15,1,1,0
42068,validated_uniform,ZORP,2,15,2,0,0
42068,validated_uniform,ZORP,2,15,3,1,0
42068,validated_uniform,ZORP,15,1,0,2,0
42068,validated_uniform,ZORP,15,1,1,0,1
42068,validated_uniform,ZORP,13,7,0,1,0
42068,validated_uniform,ZORP,13,7,1,1,0
42068,validated_uniform,ZORP,13,7,2,1,0
42068,validated_uniform,ZORP,13,7,3,0,1
42068,validated_uniform,ZORP,3,9,0,3,0
42068,validated_uniform,ZORP,3,9,1,0,1
42068,validated_uniform,ZORP,7,9,0,1,0
42068,validated_uniform,ZORP,7,9,1,0,1
42068,validated_uniform,ZORP,15,11,0,1,0
42068,validated_uniform,ZORP,15,11,1,0,0
42068,validated_uniform,ZORP,15,11,2,2,0
42068,validated_uniform,ZORP,15,11,3,1,0
42068,validated_uniform,ZORP,6,9,0,2,0
42068,validated_uniform,ZORP,6,9,1,1,1
42068,validated_uniform,ZORP,11,3,0,3,1
42068,validated_uniform,ZORP,3,0,0,1,1
42068,validated_uniform,ZORP,14,13,0,2,0
42068,validated_uniform,ZORP,14,13,1,3,0
42068,validated_uniform,ZORP,14,13,2,1,1
42068,validated_uniform,ZORP,1,12,0,1,0
42068,validated_uniform,ZORP,1,12,1,3,0
42068,validated_uniform,ZORP,1,12,2,2,1
42068,validated_uniform,ZORP,3,3,0,1,0
42068,validated_uniform,ZORP,3,3,1,3,1
42068,validated_uniform,ZORP,8,4,0,1,0
42068,validated_uniform,ZORP,8,4,1,1,0
42068,validated_uniform,ZORP,8,4,2,2,0
42068,validated_uniform,ZORP,8,4,3,0,1
42068,validated_uniform,ZORP,15,7,0,2,0
42068,validated_uniform,ZORP,15,7,1,2,0
42068,validated_uniform,ZORP,15,7,2,1,0
42068,validated_uniform,ZORP,15,7,3,2,0
42068,validated_uniform,ZORP,0,4,0,0,1
42068,validated_uniform,ZORP,4,8,0,0,1
42068,validated_uniform,ZORP,1,8,0,1,0
42068,validated_uniform,ZORP,1,8,1,1,0
42068,validated_uniform,ZORP,1,8,2,2,1
42068,validated_uniform,ZORP,10,0,0,0,0
42068,validated_uniform,ZORP,10,0,1,1,0
42068,validated_uniform,ZORP,10,0,2,2,0
42068,validated_uniform,ZORP,10,0,3,2,0
42068,validated_uniform,ZORP,8,3,0,0,0
42068,validated_uniform,ZORP,8,3,1,3,0
42068,validated_uniform,ZORP,8,3,2,1,1
42068,validated_uniform,ZORP,9,3,0,0,1
42068,validated_uniform,ZORP,14,5,0,3,0
42068,validated_uniform,ZORP,14,5,1,3,0
42068,validated_uniform,ZORP,14,5,2,2,0
42068,validated_uniform,ZORP,14,5,3,0,0
42068,validated_uniform,ZORP,7,11,0,0,0
42068,validated_uniform,ZORP,7,11,1,0,0
42068,validated_uniform,ZORP,7,11,2,1,0
42068,validated_uniform,ZORP,7,11,3,3,1
42068,validated_uniform,ZORP,10,12,0,2,0
42068,validated_uniform,ZORP,10,12,1,2,0
42068,validated_uniform,ZORP,10,12,2,0,0
42068,validated_uniform,ZORP,10,12,3,1,0
42068,validated_uniform,ZORP,4,9,0,2,1
42068,validated_uniform,ZORP,7,6,0,2,1
42068,validated_uniform,ZORP,5,1,0,2,0
42068,validated_uniform,ZORP,5,1,1,2,0
42068,validated_uniform,ZORP,5,1,2,2,0
42068,validated_uniform,ZORP,5,1,3,2,0
42068,validated_uniform,ZORP,15,4,0,1,1
42068,validated_uniform,ZORP,4,1,0,0,0
42068,validated_uniform,ZORP,4,1,1,0,0
42068,validated_uniform,ZORP,4,1,2,2,1
42068,validated_uniform,ZORP,10,10,0,2,0
42068,validated_uniform,ZORP,10,10,1,0,1
42068,validated_uniform,ZORP,12,10,0,0,0
42068,validated_uniform,ZORP,12,10,1,0,0
42068,validated_uniform,ZORP,12,10,2,1,0
42068,validated_uniform,ZORP,12,10,3,2,0
42068,validated_uniform,ZORP,14,2,0,3,0
42068,validated_uniform,ZORP,14,2,1,2,0
42068,validated_uniform,ZORP,14,2,2,2,0
42068,validated_uniform,ZORP,14,2,3,0,1
42068,validated_uniform,ZORP,3,2,0,1,0
42068,validated_uniform,ZORP,3,2,1,1,0
42068,validated_uniform,ZORP,3,2,2,1,0
42068,validated_uniform,ZORP,3,2,3,2,1
42068,validated_uniform,ZORP,10,8,0,1,0
42068,validated_uniform,ZORP,10,8,1,1,0
42068,validated_uniform,ZORP,10,8,2,2,0
42068,validated_uniform,ZORP,10,8,3,1,0
42068,validated_uniform,ZORP,6,8,0,2,0
42068,validated_uniform,ZORP,6,8,1,0,0
42068,validated_uniform,ZORP,6,8,2,2,0
42068,validated_uniform,ZORP,6,8,3,2,0
42068,validated_hard,ZORP,6,14,0,1,0
42068,validated_hard,ZORP,6,14,1,0,1
42068,validated_hard,ZORP,6,8,0,2,0
42068,validated_hard,ZORP,6,8,1,2,0
42068,validated_hard,ZORP,6,8,2,0,0
42068,validated_hard,ZORP,6,8,3,1,0
42068,validated_hard,ZORP,4,13,0,0,0
42068,validated_hard,ZORP,4,13,1,1,0
42068,validated_hard,ZORP,4,13,2,1,0
42068,validated_hard,ZORP,4,13,3,0,0
42068,validated_hard,ZORP,3,14,0,1,0
42068,validated_hard,ZORP,3,14,1,2,1
42068,validated_hard,ZORP,15,6,0,2,1
42068,validated_hard,ZORP,14,5,0,1,1
42068,validated_hard,ZORP,8,14,0,1,0
42068,validated_hard,ZORP,8,14,1,2,0
42068,validated_hard,ZORP,8,14,2,0,0
42068,validated_hard,ZORP,8,14,3,1,0
42068,validated_hard,ZORP,14,7,0,1,0
42068,validated_hard,ZORP,14,7,1,3,0
42068,validated_hard,ZORP,14,7,2,3,0
42068,validated_hard,ZORP,14,7,3,2,1
42068,validated_hard,ZORP,15,4,0,2,0
42068,validated_hard,ZORP,15,4,1,1,1
42068,validated_hard,ZORP,15,7,0,2,0
42068,validated_hard,ZORP,15,7,1,2,0
42068,validated_hard,ZORP,15,7,2,2,0
42068,validated_hard,ZORP,15,7,3,0,0
42068,validated_hard,ZORP,6,0,0,0,0
42068,validated_hard,ZORP,6,0,1,0,0
42068,validated_hard,ZORP,6,0,2,1,0
42068,validated_hard,ZORP,6,0,3,1,0
42068,validated_hard,ZORP,15,0,0,1,1
42068,validated_hard,ZORP,6,9,0,0,0
42068,validated_hard,ZORP,6,9,1,2,0
42068,validated_hard,ZORP,6,9,2,2,0
42068,validated_hard,ZORP,6,9,3,2,0
42068,validated_hard,ZORP,5,14,0,2,0
42068,validated_hard,ZORP,5,14,1,1,1
42068,validated_hard,ZORP,4,11,0,0,0
42068,validated_hard,ZORP,4,11,1,0,0
42068,validated_hard,ZORP,4,11,2,3,0
42068,validated_hard,ZORP,4,11,3,2,0
42068,validated_hard,ZORP,4,8,0,3,0
42068,validated_hard,ZORP,4,8,1,1,0
42068,validated_hard,ZORP,4,8,2,1,0
42068,validated_hard,ZORP,4,8,3,3,0
42068,validated_hard,ZORP,2,15,0,0,0
42068,validated_hard,ZORP,2,15,1,0,0
42068,validated_hard,ZORP,2,15,2,0,0
42068,validated_hard,ZORP,2,15,3,0,0
42068,validated_hard,ZORP,14,13,0,1,1
42068,validated_hard,ZORP,8,4,0,0,1
42068,validated_hard,ZORP,14,2,0,0,1
42068,validated_hard,ZORP,4,9,0,2,1
42068,validated_hard,ZORP,2,6,0,2,0
42068,validated_hard,ZORP,2,6,1,2,0
42068,validated_hard,ZORP,2,6,2,0,1
42068,validated_hard,ZORP,13,6,0,0,0
42068,validated_hard,ZORP,13,6,1,1,1
42068,validated_hard,ZORP,4,1,0,3,0
42068,validated_hard,ZORP,4,1,1,1,0
42068,validated_hard,ZORP,4,1,2,0,0
42068,validated_hard,ZORP,4,1,3,2,1
42068,validated_hard,ZORP,15,2,0,1,0
42068,validated_hard,ZORP,15,2,1,2,1
42068,validated_hard,ZORP,5,15,0,0,1
42068,validated_hard,ZORP,15,1,0,0,1
42068,validated_hard,ZORP,6,10,0,2,0
42068,validated_hard,ZORP,6,10,1,2,0
42068,validated_hard,ZORP,6,10,2,3,0
42068,validated_hard,ZORP,6,10,3,3,0
42068,validated_hard,ZORP,1,14,0,3,0
42068,validated_hard,ZORP,1,14,1,2,0
42068,validated_hard,ZORP,1,14,2,1,1
42068,validated_hard,ZORP,11,4,0,1,1
42068,validated_hard,ZORP,5,13,0,1,0
42068,validated_hard,ZORP,5,13,1,3,1
42068,validated_hard,ZORP,8,3,0,2,0
42068,validated_hard,ZORP,8,3,1,0,0
42068,validated_hard,ZORP,8,3,2,3,0
42068,validated_hard,ZORP,8,3,3,1,1
42068,validated_hard,ZORP,15,11,0,2,0
42068,validated_hard,ZORP,15,11,1,0,0
42068,validated_hard,ZORP,15,11,2,1,0
42068,validated_hard,ZORP,15,11,3,3,1
42068,validated_hard,ZORP,8,13,0,2,1
42068,validated_hard,ZORP,13,7,0,3,0
42068,validated_hard,ZORP,13,7,1,2,0
42068,validated_hard,ZORP,13,7,2,3,0
42068,validated_hard,ZORP,13,7,3,2,0
42068,validated_hard,ZORP,5,8,0,0,0
42068,validated_hard,ZORP,5,8,1,1,0
42068,validated_hard,ZORP,5,8,2,2,1
42068,validated_hard,ZORP,13,3,0,2,0
42068,validated_hard,ZORP,13,3,1,3,0
42068,validated_hard,ZORP,13,3,2,3,0
42068,validated_hard,ZORP,13,3,3,1,0
42068,validated_hard,ZORP,11,8,0,3,0
42068,validated_hard,ZORP,11,8,1,2,0
42068,validated_hard,ZORP,11,8,2,1,1
42068,validated_hard,ZORP,9,4,0,1,0
42068,validated_hard,ZORP,9,4,1,1,0
42068,validated_hard,ZORP,9,4,2,2,1
42068,validated_hard,ZORP,3,13,0,1,0
42068,validated_hard,ZORP,3,13,1,0,1
42068,validated_hard,ZORP,11,3,0,3,1
42068,validated_hard,ZORP,9,6,0,1,1
42068,validated_hard,ZORP,3,5,0,1,0
42068,validated_hard,ZORP,3,5,1,2,0
42068,validated_hard,ZORP,3,5,2,2,0
42068,validated_hard,ZORP,3,5,3,1,0
42068,validated_hard,ZORP,8,0,0,2,0
42068,validated_hard,ZORP,8,0,1,2,0
42068,validated_hard,ZORP,8,0,2,1,0
42068,validated_hard,ZORP,8,0,3,3,0
42068,validated_hard,ZORP,12,7,0,0,0
42068,validated_hard,ZORP,12,7,1,2,0
42068,validated_hard,ZORP,12,7,2,0,0
42068,validated_hard,ZORP,12,7,3,0,0
42068,validated_hard,ZORP,4,10,0,0,0
42068,validated_hard,ZORP,4,10,1,3,1
42068,validated_hard,ZORP,13,9,0,0,0
42068,validated_hard,ZORP,13,9,1,2,0
42068,validated_hard,ZORP,13,9,2,0,0
42068,validated_hard,ZORP,13,9,3,0,0
42068,validated_hard,ZORP,2,8,0,2,0
42068,validated_hard,ZORP,2,8,1,2,0
42068,validated_hard,ZORP,2,8,2,0,0
42068,validated_hard,ZORP,2,8,3,3,1
42068,validated_dream,ZORP,6,14,0,2,0
42068,validated_dream,ZORP,6,14,1,2,0
42068,validated_dream,ZORP,6,14,2,2,0
42068,validated_dream,ZORP,6,14,3,2,0
42068,validated_dream,ZORP,6,8,0,3,1
42068,validated_dream,ZORP,4,13,0,2,1
42068,validated_dream,ZORP,3,14,0,2,1
42068,validated_dream,ZORP,15,6,0,1,0
42068,validated_dream,ZORP,15,6,1,0,0
42068,validated_dream,ZORP,15,6,2,3,0
42068,validated_dream,ZORP,15,6,3,2,1
42068,validated_dream,ZORP,14,5,0,1,1
42068,validated_dream,ZORP,14,7,0,1,0
42068,validated_dream,ZORP,14,7,1,2,1
42068,validated_dream,ZORP,15,4,0,3,0
42068,validated_dream,ZORP,15,4,1,1,1
42068,validated_dream,ZORP,15,7,0,3,1
42068,validated_dream,ZORP,15,0,0,1,1
42068,validated_dream,ZORP,6,9,0,2,0
42068,validated_dream,ZORP,6,9,1,0,0
42068,validated_dream,ZORP,6,9,2,3,0
42068,validated_dream,ZORP,6,9,3,1,1
42068,validated_dream,ZORP,5,14,0,0,0
42068,validated_dream,ZORP,5,14,1,2,0
42068,validated_dream,ZORP,5,14,2,3,0
42068,validated_dream,ZORP,5,14,3,2,0
42068,validated_dream,ZORP,4,11,0,2,0
42068,validated_dream,ZORP,4,11,1,1,1
42068,validated_dream,ZORP,4,8,0,2,0
42068,validated_dream,ZORP,4,8,1,2,0
42068,validated_dream,ZORP,4,8,2,1,0
42068,validated_dream,ZORP,4,8,3,0,1
42068,validated_dream,ZORP,2,15,0,3,0
42068,validated_dream,ZORP,2,15,1,3,0
42068,validated_dream,ZORP,2,15,2,2,1
42068,validated_dream,ZORP,8,4,0,1,0
42068,validated_dream,ZORP,8,4,1,2,0
42068,validated_dream,ZORP,8,4,2,0,1
42068,validated_dream,ZORP,14,2,0,0,1
42068,validated_dream,ZORP,4,9,0,1,0
42068,validated_dream,ZORP,4,9,1,1,0
42068,validated_dream,ZORP,4,9,2,0,0
42068,validated_dream,ZORP,4,9,3,3,0
42068,validated_dream,ZORP,13,6,0,0,0
42068,validated_dream,ZORP,13,6,1,3,0
42068,validated_dream,ZORP,13,6,2,0,0
42068,validated_dream,ZORP,13,6,3,0,0
42068,validated_dream,ZORP,15,2,0,1,0
42068,validated_dream,ZORP,15,2,1,1,0
42068,validated_dream,ZORP,15,2,2,3,0
42068,validated_dream,ZORP,15,2,3,0,0
42068,validated_dream,ZORP,5,15,0,1,0
42068,validated_dream,ZORP,5,15,1,3,0
42068,validated_dream,ZORP,5,15,2,0,1
42068,validated_dream,ZORP,15,1,0,1,0
42068,validated_dream,ZORP,15,1,1,1,0
42068,validated_dream,ZORP,15,1,2,2,0
42068,validated_dream,ZORP,15,1,3,0,1
42068,validated_dream,ZORP,6,10,0,3,0
42068,validated_dream,ZORP,6,10,1,0,1
42068,validated_dream,ZORP,1,14,0,0,0
42068,validated_dream,ZORP,1,14,1,3,0
42068,validated_dream,ZORP,1,14,2,1,1
42068,validated_dream,ZORP,11,4,0,1,1
42068,validated_dream,ZORP,5,13,0,1,0
42068,validated_dream,ZORP,5,13,1,2,0
42068,validated_dream,ZORP,5,13,2,0,0
42068,validated_dream,ZORP,5,13,3,1,0
42068,validated_dream,ZORP,8,3,0,2,0
42068,validated_dream,ZORP,8,3,1,2,0
42068,validated_dream,ZORP,8,3,2,0,0
42068,validated_dream,ZORP,8,3,3,3,0
42068,validated_dream,ZORP,13,7,0,1,0
42068,validated_dream,ZORP,13,7,1,2,0
42068,validated_dream,ZORP,13,7,2,3,0
42068,validated_dream,ZORP,13,7,3,2,0
42068,validated_dream,ZORP,5,8,0,0,0
42068,validated_dream,ZORP,5,8,1,3,0
42068,validated_dream,ZORP,5,8,2,2,1
42068,validated_dream,ZORP,13,3,0,3,0
42068,validated_dream,ZORP,13,3,1,1,0
42068,validated_dream,ZORP,13,3,2,2,0
42068,validated_dream,ZORP,13,3,3,1,0
42068,validated_dream,ZORP,9,4,0,1,0
42068,validated_dream,ZORP,9,4,1,1,0
42068,validated_dream,ZORP,9,4,2,2,1
42068,validated_dream,ZORP,3,13,0,0,1
42068,validated_dream,ZORP,11,3,0,0,0
42068,validated_dream,ZORP,11,3,1,1,0
42068,validated_dream,ZORP,11,3,2,0,0
42068,validated_dream,ZORP,11,3,3,2,0
42068,validated_dream,ZORP,9,6,0,0,0
42068,validated_dream,ZORP,9,6,1,0,0
42068,validated_dream,ZORP,9,6,2,1,1
42068,validated_dream,ZORP,8,0,0,2,0
42068,validated_dream,ZORP,8,0,1,1,0
42068,validated_dream,ZORP,8,0,2,2,0
42068,validated_dream,ZORP,8,0,3,0,1
42068,validated_dream,ZORP,12,7,0,1,1
42068,validated_dream,ZORP,4,10,0,0,0
42068,validated_dream,ZORP,4,10,1,1,0
42068,validated_dream,ZORP,4,10,2,1,0
42068,validated_dream,ZORP,4,10,3,0,0
42068,validated_dream,ZORP,2,8,0,1,0
42068,validated_dream,ZORP,2,8,1,3,1
42068,validated_dream,ZORP,3,12,0,2,0
42068,validated_dream,ZORP,3,12,1,1,1
42068,validated_dream,ZORP,12,0,0,3,0
42068,validated_dream,ZORP,12,0,1,1,0
42068,validated_dream,ZORP,12,0,2,3,0
42068,validated_dream,ZORP,12,0,3,0,1
42068,validated_dream,ZORP,1,13,0,1,0
42068,validated_dream,ZORP,1,13,1,2,0
42068,validated_dream,ZORP,1,13,2,0,0
42068,validated_dream,ZORP,1,13,3,1,0
42068,validated_dream,ZORP,3,9,0,3,0
42068,validated_dream,ZORP,3,9,1,0,1
42068,validated_dream,ZORP,9,0,0,1,0
42068,validated_dream,ZORP,9,0,1,3,0
42068,validated_dream,ZORP,9,0,2,3,0
42068,validated_dream,ZORP,9,0,3,1,0
42068,validated_dream,ZORP,11,2,0,3,0
42068,validated_dream,ZORP,11,2,1,3,0
42068,validated_dream,ZORP,11,2,2,1,0
42068,validated_dream,ZORP,11,2,3,3,0
42068,validated_dream,ZORP,1,8,0,2,1
42068,validated_dream,ZORP,2,11,0,2,1
42068,validated_dream,ZORP,9,3,0,2,0
42068,validated_dream,ZORP,9,3,1,1,0
42068,validated_dream,ZORP,9,3,2,2,0
42068,validated_dream,ZORP,9,3,3,1,0
42068,validated_dream,ZORP,9,2,0,2,0
42068,validated_dream,ZORP,9,2,1,3,0
42068,validated_dream,ZORP,9,2,2,2,0
42068,validated_dream,ZORP,9,2,3,0,0
42068,validated_hard_anchor,ZORP,6,14,0,3,0
42068,validated_hard_anchor,ZORP,6,14,1,2,0
42068,validated_hard_anchor,ZORP,6,14,2,1,0
42068,validated_hard_anchor,ZORP,6,14,3,1,0
42068,validated_hard_anchor,ZORP,6,8,0,0,0
42068,validated_hard_anchor,ZORP,6,8,1,0,0
42068,validated_hard_anchor,ZORP,6,8,2,3,1
42068,validated_hard_anchor,ZORP,4,13,0,1,0
42068,validated_hard_anchor,ZORP,4,13,1,1,0
42068,validated_hard_anchor,ZORP,4,13,2,2,1
42068,validated_hard_anchor,ZORP,3,14,0,3,0
42068,validated_hard_anchor,ZORP,3,14,1,1,0
42068,validated_hard_anchor,ZORP,3,14,2,2,1
42068,validated_hard_anchor,ZORP,15,6,0,0,0
42068,validated_hard_anchor,ZORP,15,6,1,0,0
42068,validated_hard_anchor,ZORP,15,6,2,2,1
42068,validated_hard_anchor,ZORP,14,5,0,3,0
42068,validated_hard_anchor,ZORP,14,5,1,1,1
42068,validated_hard_anchor,ZORP,8,14,0,0,0
42068,validated_hard_anchor,ZORP,8,14,1,3,1
42068,validated_hard_anchor,ZORP,14,7,0,1,0
42068,validated_hard_anchor,ZORP,14,7,1,0,0
42068,validated_hard_anchor,ZORP,14,7,2,2,1
42068,validated_hard_anchor,ZORP,15,4,0,0,0
42068,validated_hard_anchor,ZORP,15,4,1,0,0
42068,validated_hard_anchor,ZORP,15,4,2,2,0
42068,validated_hard_anchor,ZORP,15,4,3,3,0
42068,validated_hard_anchor,ZORP,15,7,0,1,0
42068,validated_hard_anchor,ZORP,15,7,1,1,0
42068,validated_hard_anchor,ZORP,15,7,2,3,1
42068,validated_hard_anchor,ZORP,6,0,0,1,0
42068,validated_hard_anchor,ZORP,6,0,1,1,0
42068,validated_hard_anchor,ZORP,6,0,2,3,1
42068,validated_hard_anchor,ZORP,15,0,0,2,0
42068,validated_hard_anchor,ZORP,15,0,1,2,0
42068,validated_hard_anchor,ZORP,15,0,2,2,0
42068,validated_hard_anchor,ZORP,15,0,3,1,1
42068,validated_hard_anchor,ZORP,6,9,0,0,0
42068,validated_hard_anchor,ZORP,6,9,1,2,0
42068,validated_hard_anchor,ZORP,6,9,2,0,0
42068,validated_hard_anchor,ZORP,6,9,3,0,0
42068,validated_hard_anchor,ZORP,5,14,0,2,0
42068,validated_hard_anchor,ZORP,5,14,1,3,0
42068,validated_hard_anchor,ZORP,5,14,2,0,0
42068,validated_hard_anchor,ZORP,5,14,3,1,1
42068,validated_hard_anchor,ZORP,4,11,0,2,0
42068,validated_hard_anchor,ZORP,4,11,1,1,1
42068,validated_hard_anchor,ZORP,4,8,0,3,0
42068,validated_hard_anchor,ZORP,4,8,1,2,0
42068,validated_hard_anchor,ZORP,4,8,2,0,1
42068,validated_hard_anchor,ZORP,2,15,0,3,0
42068,validated_hard_anchor,ZORP,2,15,1,0,0
42068,validated_hard_anchor,ZORP,2,15,2,1,0
42068,validated_hard_anchor,ZORP,2,15,3,3,0
42068,validated_hard_anchor,ZORP,14,13,0,1,1
42068,validated_hard_anchor,ZORP,8,4,0,3,0
42068,validated_hard_anchor,ZORP,8,4,1,1,0
42068,validated_hard_anchor,ZORP,8,4,2,3,0
42068,validated_hard_anchor,ZORP,8,4,3,1,0
42068,validated_hard_anchor,ZORP,14,2,0,2,0
42068,validated_hard_anchor,ZORP,14,2,1,1,0
42068,validated_hard_anchor,ZORP,14,2,2,1,0
42068,validated_hard_anchor,ZORP,14,2,3,0,1
42068,validated_hard_anchor,ZORP,4,9,0,2,1
42068,validated_hard_anchor,ZORP,2,6,0,2,0
42068,validated_hard_anchor,ZORP,2,6,1,0,1
42068,validated_hard_anchor,ZORP,13,6,0,3,0
42068,validated_hard_anchor,ZORP,13,6,1,2,0
42068,validated_hard_anchor,ZORP,13,6,2,2,0
42068,validated_hard_anchor,ZORP,13,6,3,0,0
42068,validated_hard_anchor,ZORP,4,1,0,1,0
42068,validated_hard_anchor,ZORP,4,1,1,2,1
42068,validated_hard_anchor,ZORP,15,2,0,3,0
42068,validated_hard_anchor,ZORP,15,2,1,1,0
42068,validated_hard_anchor,ZORP,15,2,2,1,0
42068,validated_hard_anchor,ZORP,15,2,3,0,0
42068,validated_hard_anchor,ZORP,5,15,0,3,0
42068,validated_hard_anchor,ZORP,5,15,1,1,0
42068,validated_hard_anchor,ZORP,5,15,2,0,1
42068,validated_hard_anchor,ZORP,15,1,0,2,0
42068,validated_hard_anchor,ZORP,15,1,1,0,1
42068,validated_hard_anchor,ZORP,6,10,0,1,0
42068,validated_hard_anchor,ZORP,6,10,1,0,1
42068,validated_hard_anchor,ZORP,1,14,0,1,1
42068,validated_hard_anchor,ZORP,11,4,0,0,0
42068,validated_hard_anchor,ZORP,11,4,1,2,0
42068,validated_hard_anchor,ZORP,11,4,2,3,0
42068,validated_hard_anchor,ZORP,11,4,3,0,0
42068,validated_hard_anchor,ZORP,5,13,0,1,0
42068,validated_hard_anchor,ZORP,5,13,1,2,0
42068,validated_hard_anchor,ZORP,5,13,2,3,1
42068,validated_hard_anchor,ZORP,8,3,0,3,0
42068,validated_hard_anchor,ZORP,8,3,1,3,0
42068,validated_hard_anchor,ZORP,8,3,2,3,0
42068,validated_hard_anchor,ZORP,8,3,3,1,1
42068,validated_hard_anchor,ZORP,15,11,0,0,0
42068,validated_hard_anchor,ZORP,15,11,1,0,0
42068,validated_hard_anchor,ZORP,15,11,2,0,0
42068,validated_hard_anchor,ZORP,15,11,3,1,0
42068,validated_hard_anchor,ZORP,8,13,0,2,1
42068,validated_hard_anchor,ZORP,13,7,0,3,0
42068,validated_hard_anchor,ZORP,13,7,1,0,1
42068,validated_hard_anchor,ZORP,5,8,0,2,1
42068,validated_hard_anchor,ZORP,13,3,0,1,0
42068,validated_hard_anchor,ZORP,13,3,1,0,1
42068,validated_hard_anchor,ZORP,11,8,0,1,1
42068,validated_hard_anchor,ZORP,9,4,0,1,0
42068,validated_hard_anchor,ZORP,9,4,1,3,0
42068,validated_hard_anchor,ZORP,9,4,2,2,1
42068,validated_hard_anchor,ZORP,3,13,0,1,0
42068,validated_hard_anchor,ZORP,3,13,1,0,1
42068,validated_hard_anchor,ZORP,11,3,0,1,0
42068,validated_hard_anchor,ZORP,11,3,1,1,0
42068,validated_hard_anchor,ZORP,11,3,2,1,0
42068,validated_hard_anchor,ZORP,11,3,3,0,0
42068,validated_hard_anchor,ZORP,9,6,0,0,0
42068,validated_hard_anchor,ZORP,9,6,1,0,0
42068,validated_hard_anchor,ZORP,9,6,2,1,1
42068,validated_hard_anchor,ZORP,3,5,0,2,0
42068,validated_hard_anchor,ZORP,3,5,1,3,0
42068,validated_hard_anchor,ZORP,3,5,2,1,0
42068,validated_hard_anchor,ZORP,3,5,3,3,0
42068,validated_hard_anchor,ZORP,8,0,0,0,1
42068,validated_hard_anchor,ZORP,12,7,0,0,0
42068,validated_hard_anchor,ZORP,12,7,1,2,0
42068,validated_hard_anchor,ZORP,12,7,2,1,1
42068,validated_hard_anchor,ZORP,4,10,0,3,1
42068,validated_hard_anchor,ZORP,13,9,0,3,1
42068,validated_hard_anchor,ZORP,2,8,0,0,0
42068,validated_hard_anchor,ZORP,2,8,1,2,0
42068,validated_hard_anchor,ZORP,2,8,2,2,0
42068,validated_hard_anchor,ZORP,2,8,3,1,0
